,tax_id,tax_level,genus_tax_id,name,category,SRR11440668,SRR11440704,SRR11440674,SRR11440652,SRR11440647,SRR11440604,SRR11440710,SRR11440624,SRR11440628,SRR11440741,SRR11440736,SRR11440729,SRR11440607,SRR11440679,SRR11440682,SRR11440644,SRR11440620,SRR11440738,SRR11440708,SRR11440660,SRR11440622,SRR11440602,SRR11440698,SRR11440707,SRR11440613,SRR11440695,SRR11440637,SRR11440740,SRR11440638,SRR11440605,SRR11440725,SRR11440606,SRR11440687,SRR11440673,SRR11440667,SRR11440719,SRR11440609,SRR11440692,SRR11440612,SRR11440727,SRR11440724,SRR11440617,SRR11440712,SRR11440619,SRR11440705,SRR11440669,SRR11440636,SRR11440739,SRR11440662,SRR11440623,SRR11440621,SRR11440610,SRR11440700,SRR11440632,SRR11440684,SRR11440678,SRR11440691,SRR11440603,SRR11440666,SRR11440672,SRR11440659,SRR11440686,SRR11440650,SRR11440627,SRR11440633,SRR11440683,SRR11440694,SRR11440616,SRR11440648,SRR11440601,SRR11440676,SRR11440665,SRR11440733,SRR11440670,SRR11440744,SRR11440693,SRR11440709,SRR11440641,SRR11440717,SRR11440699,SRR11440626,SRR11440654,SRR11440728,SRR11440732,SRR11440742,SRR11440629,SRR11440664,SRR11440723,SRR11440671,SRR11440661,SRR11440653,SRR11440608,SRR11440714,SRR11440713,SRR11440697,SRR11440651,SRR11440743,SRR11440734,SRR11440706,SRR11440722,SRR11440696,SRR11440715,SRR11440618,SRR11440675,SRR11440681,SRR11440625,SRR11440718,SRR11440663,SRR11440615,SRR11440657,SRR11440614,SRR11440631,SRR11440726,SRR11440711,SRR11440685,SRR11440634,SRR11440630,SRR11440688,SRR11440656,SRR11440639,SRR11440649,SRR11440716,SRR11440646,SRR11440642,SRR11440731,SRR11440737,SRR11440658,SRR11440645,SRR11440690,SRR11440721,SRR11440730,SRR11440735,SRR11440720,SRR11440689,SRR11440655,SRR11440680,SRR11440701,SRR11440643,SRR11440677,SRR11440703,SRR11440640,SRR11440635,SRR11440611,SRR11440702
0,1980421,2,1980421,Phasivirus,viruses,1525.0,2359.0,3256.0,1397.0,557.0,8229.0,779.0,1165.0,2071.0,2293.0,3136.0,1541.0,2348.0,269.0,2328.0,1630.0,1276.0,2262.0,190.0,1634.0,1373.0,8477.0,1759.0,242.0,2231.0,2733.0,2555.0,2302.0,2700.0,8353.0,661.0,1464.0,661.0,3481.0,1813.0,2638.0,2382.0,2688.0,2048.0,1050.0,892.0,2142.0,788.0,455.0,223.0,1192.0,263.0,2121.0,1643.0,1449.0,1272.0,2409.0,2821.0,1734.0,2015.0,300.0,2760.0,7805.0,2029.0,699.0,1433.0,2012.0,1296.0,966.0,394.0,1989.0,2817.0,420.0,495.0,1425.0,3423.0,1606.0,1528.0,1300.0,634.0,2410.0,727.0,2943.0,1058.0,1182.0,1075.0,2582.0,1689.0,1561.0,1453.0,1738.0,1842.0,1009.0,1498.0,1705.0,2914.0,2269.0,2261.0,552.0,1159.0,1541.0,638.0,2980.0,147.0,2516.0,1298.0,1095.0,467.0,3675.0,286.0,948.0,1114.0,1602.0,478.0,1614.0,2096.0,1742.0,900.0,765.0,2214.0,463.0,1547.0,665.0,2748.0,2092.0,1678.0,910.0,581.0,1727.0,1727.0,3071.0,1304.0,1383.0,662.0,2589.0,1524.0,2582.0,2749.0,774.0,2882.0,424.0,2373.0,1337.0,2528.0,2738.0,2675.0,305.0,2201.0,2816.0
2,1884455,2,1884455,Anphevirus,viruses,314.0,169.0,140.0,2500.0,894.0,259.0,528.0,,52.0,373.0,646.0,572.0,86.0,,152.0,1237.0,688.0,424.0,302.0,74.0,952.0,204.0,1442.0,168.0,91.0,1093.0,1832.0,518.0,1536.0,202.0,108.0,46.0,1393.0,175.0,1258.0,701.0,96.0,1209.0,14.0,1280.0,1346.0,50.0,473.0,112.0,150.0,439.0,252.0,418.0,62.0,699.0,860.0,119.0,1054.0,2036.0,631.0,,1192.0,378.0,1175.0,128.0,38.0,678.0,2375.0,,298.0,703.0,1592.0,587.0,1048.0,80.0,379.0,1051.0,482.0,454.0,120.0,349.0,587.0,1440.0,735.0,1657.0,,93.0,1308.0,581.0,40.0,2260.0,213.0,1406.0,298.0,89.0,116.0,76.0,50.0,1127.0,1936.0,2980.0,102.0,449.0,299.0,722.0,1788.0,1014.0,80.0,148.0,2.0,,585.0,60.0,232.0,175.0,18.0,1961.0,1182.0,645.0,684.0,140.0,1901.0,502.0,136.0,127.0,1913.0,570.0,1313.0,1359.0,26.0,580.0,101.0,1250.0,887.0,822.0,437.0,461.0,619.0,1016.0,313.0,,939.0,1379.0,501.0,1095.0,1483.0,259.0,18.0,1284.0
5,308865,2,308865,Elizabethkingia,bacteria,494.0,138.0,46.0,183.0,492.0,9.0,447.0,122.0,139.0,146.0,35.0,202.0,183.0,108.0,110.0,355.0,154.0,186.0,376.0,496.0,134.0,14.0,78.0,384.0,40.0,84.0,223.0,166.0,127.0,11.0,82.0,26.0,64.0,36.0,79.0,16.0,146.0,78.0,50.0,187.0,177.0,143.0,510.0,43.0,353.0,459.0,166.0,142.0,117.0,146.0,144.0,149.0,236.0,114.0,44.0,148.0,89.0,2.0,100.0,68.0,189.0,28.0,126.0,114.0,179.0,35.0,65.0,52.0,742.0,110.0,54.0,106.0,203.0,557.0,82.0,133.0,490.0,151.0,539.0,91.0,148.0,342.0,87.0,276.0,24.0,126.0,116.0,198.0,471.0,388.0,383.0,164.0,156.0,448.0,88.0,188.0,116.0,55.0,361.0,23.0,93.0,487.0,48.0,63.0,150.0,129.0,494.0,68.0,36.0,469.0,42.0,106.0,231.0,448.0,44.0,128.0,116.0,81.0,375.0,168.0,155.0,449.0,467.0,205.0,38.0,42.0,440.0,218.0,77.0,27.0,185.0,33.0,17.0,88.0,330.0,120.0,219.0,194.0,138.0,205.0,157.0,132.0,75.0,246.0
9,-200011006,2,-200011006,non-genus-specific reads in family Totiviridae,viruses,18.0,2.0,,6.0,64.0,20.0,10.0,10.0,16.0,,18.0,28.0,6.0,2.0,2.0,181.0,22.0,,31.0,20.0,12.0,16.0,8.0,65.0,19.0,12.0,9.0,,6.0,17.0,2.0,10.0,2.0,,14.0,12.0,3.0,15.0,14.0,67.0,116.0,15.0,12.0,2.0,19.0,102.0,45.0,,250.0,2.0,73.0,2.0,6.0,45.0,19.0,8.0,10.0,12.0,11.0,4.0,6.0,20.0,4.0,6.0,38.0,33.0,10.0,,41.0,244.0,,4.0,57.0,14.0,89.0,7.0,25.0,8.0,,2.0,12.0,26.0,11.0,20.0,4.0,52.0,10.0,279.0,30.0,2.0,200.0,4.0,9.0,73.0,2.0,6.0,4.0,54.0,32.0,12.0,2.0,,,,8.0,25.0,,12.0,6.0,2.0,90.0,28.0,91.0,18.0,18.0,3.0,26.0,,199.0,14.0,2.0,,87.0,17.0,8.0,8.0,133.0,21.0,2.0,9.0,27.0,10.0,11.0,6.0,18.0,9.0,7.0,21.0,,4.0,10.0,8.0,14.0,6.0
14,-200,2,-200,all taxa with neither family nor genus classification,,947.0,326.0,261.0,359.0,869.0,220.0,440.0,238.0,751.0,2421.0,1044.0,151.0,1360.0,633.0,270.0,409.0,263.0,2700.0,1008.0,529.0,336.0,187.0,105.0,1021.0,381.0,142.0,578.0,2506.0,515.0,320.0,176.0,418.0,384.0,442.0,743.0,544.0,1366.0,128.0,404.0,1542.0,1391.0,786.0,563.0,408.0,885.0,1142.0,108.0,2329.0,468.0,257.0,224.0,1421.0,200.0,641.0,247.0,609.0,107.0,177.0,774.0,176.0,508.0,287.0,378.0,144.0,151.0,235.0,175.0,348.0,1041.0,417.0,475.0,783.0,202.0,1084.0,216.0,326.0,597.0,641.0,393.0,134.0,213.0,516.0,758.0,186.0,352.0,802.0,416.0,1672.0,1268.0,571.0,373.0,1333.0,811.0,908.0,238.0,452.0,198.0,976.0,849.0,660.0,77.0,532.0,582.0,517.0,679.0,83.0,411.0,420.0,389.0,493.0,266.0,753.0,1745.0,482.0,294.0,82.0,609.0,369.0,568.0,667.0,525.0,397.0,1116.0,354.0,418.0,939.0,709.0,347.0,464.0,360.0,158.0,990.0,597.0,385.0,478.0,636.0,178.0,345.0,335.0,213.0,457.0,280.0,454.0,248.0
29,547,2,547,Enterobacter,bacteria,75.0,,24.0,,14.0,8.0,,4.0,,,,2.0,11.0,6.0,,,,2.0,30.0,12.0,,17.0,12.0,25.0,,36.0,,,,12.0,16.0,11.0,,26.0,,,14.0,33.0,,,2.0,,,12.0,24.0,60.0,,2.0,,2.0,,2.0,,6.0,,6.0,32.0,18.0,2.0,23.0,7.0,,,4.0,,,33.0,20.0,24.0,,12.0,,,68.0,24.0,,2.0,,2.0,,6.0,10.0,,2.0,4.0,10.0,,,30.0,14.0,4.0,23.0,,8.0,,,17.0,,17.0,,,,23.0,35.0,8.0,10.0,,,9.0,22.0,,6.0,,,,,18.0,,7.0,,,,15.0,6.0,6.0,,17.0,6.0,,,,,,,14.0,5.0,,6.0,,,,1.0,,
33,-200075787,2,-200075787,non-genus-specific reads in family Rhodocyclaceae,bacteria,2.0,,,,,,,,,,,,,,,,,,,,,,,,,,,,,,,,,,,,,,,,,,,,,,,,,,,,,,,,,,,,,,,,,,,,,,,,,,,,,,,,,,,,,,,,,,,,,,,,,,,,,,,,,,,,,,,,,,,,,,,,,,,,,,,,,,,,,,,,,,,,,,,
38,11051,2,11051,Flavivirus,viruses,8.0,,26.0,,511.0,,,2.0,166.0,,,,,,,,2.0,,,,2.0,,,,,,,,,,270.0,168.0,,16.0,33.0,98.0,,,,277.0,35.0,256.0,,10.0,,,,,2.0,1009.0,,,,,,2.0,,,137.0,271.0,118.0,,,2.0,,,,2.0,2.0,,16.0,273.0,,6.0,198.0,,,,4.0,,2.0,,155.0,,111.0,,,50.0,6.0,,,,78.0,2.0,,,258.0,,2.0,68.0,,,4.0,4.0,,,2.0,,857.0,,,,197.0,,,,,,,200.0,,,6.0,4.0,244.0,,,476.0,,124.0,,,148.0,,,2.0,,,2.0,,,,,
44,1763,2,1763,Mycobacterium,bacteria,2.0,,,,4.0,,2.0,,,,,,,,,,,2.0,,,,,,1.0,,,,,,,,,,,,,,,,,,,,6.0,1.0,,1.0,,,,,,,,,1.0,,,,,,,,1.0,,,,,,,1.0,,,,,,3.0,,,,,,,,,,,,,,,,,,,,,,,,,,,,,,,,4.0,,,,2.0,2.0,,1.0,,,,,,,,,,,,,,,,1.0,,,,,1.0,,,,2.0,,2.0,
46,53335,2,53335,Pantoea,bacteria,3.0,,,,,,,,,,,,,,,,2.0,,,,,,12.0,,,,16.0,,4.0,,,8.0,,,,,,,,,,,3.0,,,,2.0,,,,,,,,,,,,,,6.0,,,,2.0,,,,1.0,,,,,4.0,,,,5.0,,6.0,,10.0,,,14.0,,,,1.0,,27.0,2.0,,,4.0,,,,,,15.0,,,,,,,,2.0,,,,,,,,,,27.0,,,,,,5.0,,,,,,,,,,10.0,1.0,,,,,4.0,,,
48,848,2,848,Fusobacterium,bacteria,2.0,,,,,,2.0,,,,,,,2.0,,,,2.0,,2.0,,,,2.0,,,,,,,,,,,,,,,,,,,,,,,,,,,,,,,,,,,,,,,,,,,,,,,,,,,,,,,,,,,,,,,,,,,,,,,,,,,,,,,,,,,,,,,,,,,,,,,,,,,,,,,,,,,,,,,,,,,,,,,,
50,570,2,570,Klebsiella,bacteria,170.0,,4.0,,4.0,2.0,,,,,,,,2.0,,4.0,,2.0,4.0,2.0,,7.0,,202.0,,35.0,,,,6.0,4.0,,,6.0,,,3.0,4.0,,2.0,,,,2.0,4.0,146.0,,,,2.0,,,,2.0,2.0,,2.0,2.0,,19.0,,,,,,,4.0,6.0,6.0,,7.0,,1.0,6.0,,,,,,2.0,3.0,2.0,,6.0,,2.0,,,20.0,2.0,,2.0,,2.0,,,4.0,,8.0,,2.0,,6.0,3.0,2.0,,,2.0,4.0,2.0,,1.0,,,,,,,1.0,,,,6.0,,,,2.0,,2.0,,2.0,,,,,,,,,4.0,,2.0,,
53,2701,2,2701,Gardnerella,bacteria,6.0,,,,,,,,2.0,,2.0,,2.0,,,,2.0,2.0,2.0,,2.0,,,2.0,2.0,,,,,,,,,,,,,,,,,,,,,2.0,,,,2.0,2.0,,,,,2.0,,3.0,,,,,,,,,,4.0,,,,2.0,,2.0,,,2.0,,,,,,,,,,,,2.0,,,,,,,,,,,,,,2.0,,,,,,,,,,,,,,,,,,,,,,,,,,,,,,,,,,,,,,,,,
56,379,2,379,Rhizobium,bacteria,1.0,,,,,,,,,,,,,,,,,,,,,,,,,,,2.0,,,,,,,,,,,,,,,,,6.0,,,,,,,,,,,1.0,,,,,,,,,,,,,,,,,,,,,,,,,,,,,,,,,,,,,,,,,,,2.0,,,,,,,,,,,,,,,,,,,,2.0,,,,,,,,,,,,,,,,,,,,,,,,,
58,1817,2,1817,Nocardia,bacteria,1.0,,,,,,,,,,,,,,,,,,,,,,,,,,,,,,,,,,,,,,,,,,,,,,,,,,,,,,,,,,,,,,,,,,,,,,,,,,,,,,,,,,1.0,,,,,,,,,,,,,,,,,,,,,,,,,,,,,,,,,,,,,,,,,,,,,,,,,,,,,,,,,,,,,
60,57495,2,57495,Dermacoccus,bacteria,6.0,,2.0,1.0,2.0,,4.0,,,5.0,,,6.0,2.0,,,6.0,4.0,10.0,,8.0,,,26.0,,,,8.0,,,,,,,4.0,,2.0,2.0,,,,,2.0,7.0,6.0,4.0,10.0,,,18.0,4.0,,,2.0,,6.0,2.0,,,,2.0,2.0,,,16.0,3.0,,10.0,8.0,,,,,,,,4.0,,2.0,2.0,2.0,,,,,,2.0,4.0,,2.0,,2.0,,6.0,3.0,,,,20.0,2.0,,,4.0,,4.0,,,,10.0,,,2.0,2.0,6.0,2.0,12.0,,,,2.0,2.0,,8.0,,,,2.0,2.0,,,,,,,,2.0,,4.0,,,,4.0,,1.0
65,41275,2,41275,Brevundimonas,bacteria,4.0,,4.0,2.0,10.0,,10.0,8.0,4.0,11.0,2.0,4.0,,10.0,,4.0,10.0,12.0,29.0,,15.0,2.0,2.0,43.0,,,,12.0,,,2.0,,2.0,2.0,2.0,,,6.0,,,2.0,,18.0,20.0,30.0,2.0,6.0,6.0,2.0,4.0,,,,4.0,,13.0,,2.0,,,2.0,,,,8.0,4.0,,18.0,14.0,2.0,,2.0,,2.0,,,8.0,2.0,,,,6.0,4.0,2.0,,2.0,,,4.0,2.0,4.0,4.0,4.0,8.0,,,,,26.0,,,,16.0,,,,4.0,2.0,18.0,2.0,,4.0,2.0,16.0,,6.0,6.0,,2.0,4.0,4.0,,11.0,2.0,,,,,6.0,,2.0,,2.0,,,12.0,2.0,4.0,2.0,,2.0,2.0,,2.0
67,613,2,613,Serratia,bacteria,4.0,,65.0,,4.0,,2.0,2.0,6.0,,,97.0,125.0,,4.0,,,2.0,,,,,2.0,2.0,14.0,,,,2.0,,,,,68.0,,2.0,34.0,,4.0,,,20.0,2.0,,,,4.0,,,,,44.0,2.0,,2.0,,,,,,,6.0,,4.0,2.0,2.0,,,2.0,,54.0,,93.0,,,2.0,6.0,,4.0,2.0,2.0,,,45.0,,,,2.0,,,,38.0,12.0,6.0,,,,,2.0,,6.0,4.0,,18.0,,4.0,,,,,4.0,,,4.0,2.0,2.0,,2.0,,10.0,,2.0,10.0,2.0,2.0,,,,,,115.0,,,,,,,,2.0,,,,14.0,
69,629,2,629,Yersinia,bacteria,2.0,,,,,,,,,,,2.0,,,,,,,,,,,,,,,,,,,,,,,,,2.0,,,,,,,,,,,,2.0,,,2.0,,,,,,,,,,,,2.0,,,,,,,2.0,,4.0,,,,,,,,,,,4.0,,,,,,,,2.0,,,,,,,,,,,,,,,,,,,,,,,,,,,,,,,2.0,,,,,,,,,,,,,,,,,,,,,
71,178440,2,178440,Opitutus,bacteria,2.0,,,,,,,,,,,,,,,,,,,,,,,,,,,,,,,,,,,,,,,,,,,,,,,,,,,,,,,,,,,,,,,,,,,,,,,,,,,,,,,,,,,,,,,,,,,,,,,,,,,,,,,,,,,,,,,,,,,,,,,,,,,,,,,,,,,,,,,,,,,,,,,
73,413496,2,413496,Cronobacter,bacteria,2.0,,,,,,,,,,,,,,,,,,,,,,,,,,,,,,,,,,,,,,,,,,,2.0,,2.0,,,,,,,,,,,,,,,,,,,,,,,,,,,,,,,,,,,,,,,,,,,,,,,,,,,,,,,,,,3.0,,,,,,,,,,,,,,,,,,,,,,,,,,,,,,,,,,,,,,,,
75,-200000543,2,-200000543,non-genus-specific reads in family Enterobacteriaceae,bacteria,1.0,,,,,,,,,,,,,,,,,,,,,,2.0,,,,,4.0,2.0,,,,,,,,,,,,,,,2.0,,,,,,,,,,2.0,,,,,,,,,,,,,,,,,,,,2.0,,,,3.0,,,,,,,,,,,2.0,,,,,,,,,,,,4.0,,,,,,,,,,,2.0,,,,,,,,,,,,,,,,,,,,,,,,,,,,,5.0,,,
77,234,2,234,Brucella,bacteria,2.0,,,,,,,,,,,,,,,,,,,,,,,,,,,,,,,,,,,,,,,,,,,,,,,,,,,,,,,,,,,,,,,,,,,,,,,,,,,,,,,,,2.0,,,,,,,,,,,,,,,,,,,,,,,,,,,,,,,,,,,,,,,,,,,,,,,,,,,,,,,,,,,,,,
83,80865,2,80865,Delftia,bacteria,4.0,2.0,,,8.0,,6.0,,,8.0,,,2.0,2.0,,,6.0,2.0,8.0,,8.0,,,10.0,,,,2.0,,,,,,,,,,,,2.0,,4.0,4.0,11.0,16.0,4.0,4.0,6.0,,4.0,4.0,,,,,4.0,2.0,,,,,,,,,,2.0,8.0,10.0,2.0,2.0,,2.0,2.0,,,,,,,,,,2.0,,2.0,,2.0,42.0,2.0,2.0,,2.0,8.0,,,,,12.0,,,,6.0,2.0,8.0,,,,8.0,2.0,,2.0,2.0,4.0,,3.0,4.0,,,,,2.0,10.0,2.0,,,,,,,,,,,,7.0,,2.0,2.0,,,,,
90,47420,2,47420,Hydrogenophaga,bacteria,2.0,,,,,,,,,1.0,,1.0,,,,,,,,,,,,4.0,,,,,,,1.0,,,,,,,2.0,,,,,,,,,,,,,,,,,,,,,,,,,,,,,,,,,,,,,,,,,,,,,,,,,,,,,,,,,,,,,,,,,,,,,,,,,,,,,,,,,,,,,,,,,,,,,,,,,,,,,,,,,,
92,357,2,357,Agrobacterium,bacteria,1.0,,,,,,,,,,,,1.0,,,,,2.0,,,,,,2.0,,,,,,,,,,,,,,,,,,,,,4.0,,,,,,2.0,,,,,1.0,,,,,,,,,2.0,,,,,,,,,,,,,,,,,,,,,,,,,,,,,,,,,,,,,,,,,,,,,,,,,,,,,,,,,,2.0,,,,,,,,,,,,,,,,,,,,,
94,1279,2,1279,Staphylococcus,bacteria,4.0,,,3.0,6.0,,14.0,,4.0,28.0,2.0,,4.0,,,2.0,10.0,20.0,32.0,2.0,6.0,2.0,,26.0,,,,10.0,2.0,,2.0,,2.0,2.0,2.0,,6.0,2.0,,2.0,2.0,,,12.0,32.0,12.0,4.0,6.0,4.0,18.0,10.0,,,4.0,,8.0,6.0,2.0,2.0,,,,,,2.0,2.0,2.0,18.0,7.0,4.0,1.0,9.0,,10.0,,,13.0,,6.0,2.0,2.0,,2.0,,,2.0,,2.0,8.0,6.0,2.0,2.0,,6.0,,6.0,,,16.0,1.0,,4.0,16.0,2.0,8.0,,,,28.0,4.0,4.0,4.0,16.0,8.0,,4.0,2.0,,2.0,,,2.0,10.0,6.0,,,,10.0,2.0,2.0,,,,,5.0,6.0,,2.0,,,2.0,2.0,,
97,469,2,469,Acinetobacter,bacteria,2.0,,2.0,1.0,8.0,,6.0,,,8.0,2.0,,,2.0,,,10.0,18.0,9.0,4.0,2.0,,,24.0,,,,6.0,2.0,,,,,,2.0,,,,,,,,2.0,8.0,19.0,8.0,2.0,10.0,2.0,6.0,12.0,2.0,,3.0,,7.0,,,,,,,,,6.0,,6.0,8.0,5.0,2.0,1.0,,,,,,8.0,,,2.0,,,8.0,,,2.0,,,2.0,2.0,,2.0,,12.0,,1.0,,,21.0,,,3.0,6.0,2.0,4.0,,,,6.0,,,2.0,3.0,2.0,,6.0,2.0,,,4.0,2.0,,6.0,,,,,4.0,,,2.0,,2.0,,,6.0,,,,2.0,,,,1.0
101,13687,2,13687,Sphingomonas,bacteria,2.0,,,,4.0,,,,2.0,2.0,,,,,1.0,,2.0,,2.0,,2.0,2.0,,10.0,,,,37.0,,,,,,,,1.0,4.0,,,,,,2.0,3.0,7.0,2.0,4.0,5.0,,3.0,4.0,,,,,4.0,,,,,,,2.0,,,,,6.0,2.0,,,,,2.0,,,4.0,,,,,,,,,,,2.0,2.0,,,,2.0,2.0,,,2.0,,6.0,,,,6.0,,,,,,4.0,,,2.0,,,,2.0,3.0,,2.0,,2.0,,,,,,,2.0,,,,2.0,3.0,,1.0,,,,,2.0,,,,
105,1912216,2,1912216,Cutibacterium,bacteria,28.0,,2.0,6.0,67.0,,57.0,7.0,6.0,64.0,2.0,,10.0,30.0,4.0,23.0,42.0,44.0,98.0,8.0,116.0,4.0,2.0,173.0,,2.0,6.0,139.0,8.0,6.0,2.0,2.0,10.0,,4.0,2.0,19.0,49.0,,14.0,14.0,14.0,60.0,60.0,94.0,20.0,18.0,45.0,7.0,38.0,40.0,8.0,6.0,14.0,2.0,26.0,10.0,4.0,6.0,10.0,9.0,8.0,8.0,,18.0,2.0,9.0,76.0,63.0,2.0,2.0,10.0,10.0,23.0,6.0,6.0,43.0,2.0,6.0,4.0,6.0,10.0,8.0,5.0,2.0,13.0,4.0,22.0,14.0,,10.0,30.0,10.0,90.0,6.0,12.0,5.0,14.0,107.0,2.0,,2.0,165.0,6.0,52.0,6.0,10.0,,489.0,92.0,4.0,17.0,13.0,60.0,2.0,18.0,26.0,8.0,6.0,8.0,18.0,8.0,64.0,5.0,4.0,6.0,10.0,6.0,2.0,,2.0,4.0,4.0,10.0,8.0,27.0,5.0,8.0,8.0,6.0,2.0,63.0,4.0,8.0
108,561,2,561,Escherichia,bacteria,20.0,2.0,4.0,,22.0,,30.0,4.0,8.0,31.0,6.0,2.0,8.0,39.0,,8.0,28.0,18.0,94.0,6.0,24.0,,18.0,104.0,,165.0,8.0,26.0,12.0,,2.0,,2.0,6.0,2.0,,10.0,4.0,,4.0,10.0,8.0,26.0,72.0,78.0,8.0,10.0,22.0,,24.0,22.0,4.0,4.0,22.0,2.0,36.0,7.0,2.0,8.0,4.0,2.0,2.0,2.0,8.0,18.0,,,76.0,52.0,,6.0,4.0,4.0,22.0,,,20.0,6.0,2.0,2.0,6.0,4.0,2.0,4.0,2.0,20.0,4.0,8.0,18.0,8.0,12.0,8.0,6.0,38.0,,2.0,,4.0,104.0,,2.0,4.0,64.0,6.0,34.0,,12.0,4.0,80.0,2.0,,14.0,4.0,18.0,,8.0,16.0,2.0,4.0,16.0,6.0,2.0,24.0,12.0,,2.0,4.0,9.0,2.0,4.0,5.0,4.0,2.0,4.0,4.0,30.0,2.0,8.0,2.0,4.0,4.0,22.0,2.0,4.0
110,2282523,2,2282523,Methylorubrum,bacteria,,,,,,,,,,,,,,,,,,,,,,,,,,,,,,,,,,,,,,,,,,,,,,,,,,,,,,,,,,,,,,,,,,,,,,,,,,,,,,,,,,,,,,,,,,,,,,,,,,,,,,,,,,,,,,,,,,,,,,,,,,,,,,,,,,,,,,,,,,,,,,,,
118,-200011012,2,-200011012,non-genus-specific reads in family Partitiviridae,viruses,,1.0,,8.0,8.0,,,,,,,,,,2.0,,,,,,,,,,,,,1.0,,,,,,,,,3.0,,,,,2.0,,,,,,,,,,1.0,,,,,,,,,,,6.0,,,,,,,,,,,,,5.0,,,,,,1.0,,1.0,2.0,1.0,,,,,1.0,,,,1.0,9.0,,,,,,,,,1.0,,,,,,,,,,,,,1.0,1.0,,16.0,,1.0,,1.0,,,,,1.0,,,,,,,,,1.0,,,,1.0,
129,57493,2,57493,Kocuria,bacteria,,1.0,,,,,,,,,,,,,,,,,,,,,,2.0,,,2.0,,1.0,,,,,,,,,,,,,,,,,,,,2.0,,,,,,,,,,,,,,,,,,,,,2.0,,,,,,,,,,,,,,,,,1.0,,,,,,,,,,1.0,,2.0,,,,,,,,,2.0,,,,,,2.0,,,,,,,,,,,,,,,,,,2.0,,,,,,,,,,,,
142,551,2,551,Erwinia,bacteria,,,4.0,,,,,,,1.0,,,,,,,,,2.0,,,,,,,,,,,,,,,,,,,,,,,,,,,,,,,,,,,,,,,,,,,,,,,,,,,,,,,,,,,,,,,,,,,,,,,,,,,,,,,,,,,,,2.0,,,,,2.0,,,,,,,,,,,,,,,,,,,,,,,,,,,,,,,,,,,
145,1301,2,1301,Streptococcus,bacteria,,,2.0,2.0,16.0,2.0,10.0,,4.0,8.0,,,2.0,,2.0,,21.0,10.0,10.0,2.0,2.0,,,14.0,,4.0,2.0,16.0,,,,,,4.0,2.0,,,2.0,,,6.0,2.0,6.0,8.0,20.0,2.0,4.0,12.0,,12.0,12.0,2.0,,4.0,,,6.0,,,,,,2.0,2.0,50.0,,,12.0,9.0,4.0,2.0,2.0,6.0,2.0,2.0,4.0,10.0,2.0,2.0,2.0,,2.0,2.0,,,4.0,,10.0,,2.0,,,2.0,10.0,2.0,2.0,,,12.0,,,4.0,18.0,2.0,8.0,2.0,,,8.0,,,4.0,6.0,10.0,2.0,2.0,4.0,,,,,,4.0,3.0,,2.0,,,,,,,,4.0,,4.0,,4.0,2.0,2.0,,40.0,,
147,237,2,237,Flavobacterium,bacteria,,,1.0,1.0,,,,,,,,,,,,,,,,,2.0,,,,,,,,,,,,,,,,,,,,,,,,1.0,,,,,,,,,,,,,,,,,,,,1.0,,,,,,,,,,,,,,,,,,,,,,,,1.0,,,,,,,,,1.0,,,,,,,,,,,,,,,,,,,,,,,,,,1.0,,,,,,,,,,,,,,,,,,,,
153,29465,2,29465,Veillonella,bacteria,,,2.0,,,,,,4.0,,,,,,,,2.0,,2.0,,,,,2.0,,,,,,,,,,,,,,,,,,,,,,,,,,2.0,,,,,,,,,,,,,,,,,,2.0,,,,,,,,,,,,,,,,,,,,,,,,,,,,,,,,,,,,,,,,,2.0,,,,,,,,,,,,,,,,,,,,,,,,,,,,,,,,,,,
155,475,2,475,Moraxella,bacteria,,,2.0,,4.0,2.0,6.0,,,4.0,,4.0,,2.0,,2.0,6.0,6.0,,,4.0,,,8.0,,,,2.0,,,,,2.0,,2.0,,2.0,,,,,,,,4.0,2.0,18.0,4.0,4.0,6.0,2.0,2.0,,,,2.0,,,,,,,,,2.0,,,6.0,2.0,2.0,,,4.0,,,,,,,,,,,4.0,,,2.0,,2.0,,,,,,,,,,6.0,,,,4.0,,8.0,,,2.0,,,,2.0,,2.0,,6.0,4.0,,,,,,4.0,,,,,,,,2.0,,,,,4.0,,,,,,8.0,,
161,501783,2,501783,Cloacibacterium,bacteria,,,,1.0,1.0,,,,,,,,,,,,,,,,,,,,,,,2.0,1.0,,,,,,4.0,,,,,,,,2.0,2.0,4.0,,,,,,,,,,,2.0,,,,,,,,2.0,,,,,,,,4.0,,,,,,,,,,,2.0,,,,,,,,,,,,,,,,4.0,,,,,,,,,,,,,,,,,,,,,,,,,,,,,,,,2.0,,,,,,,,,,,,,
173,1269,2,1269,Micrococcus,bacteria,,,,2.0,6.0,,58.0,,,6.0,2.0,2.0,,,,,4.0,4.0,14.0,,8.0,,,9.0,,,,16.0,,,4.0,,,,2.0,,,2.0,,,2.0,,4.0,14.0,26.0,4.0,4.0,2.0,,12.0,8.0,,4.0,,,4.0,,,4.0,,,,2.0,,8.0,2.0,,8.0,2.0,2.0,,,2.0,8.0,,,6.0,1.0,,,2.0,,,,,4.0,,,,2.0,,4.0,,10.0,,2.0,,,23.0,,,,10.0,,,,,4.0,20.0,2.0,,4.0,,12.0,5.0,12.0,,,2.0,2.0,4.0,2.0,2.0,1.0,,,,,,,,,,,4.0,4.0,,2.0,,,2.0,10.0,,
187,53357,2,53357,Intrasporangium,bacteria,,,,2.0,,,,,,,,,,,,,,,,,,,,,,,,,,,,,,,,,,,,,,,,,,,,,,,,,,,,,,,,,,,,,,,,,,,,,,,,,,,,,,,,,,,,,,,,,,,,,,,,,,,,,,,,,,,,,,,,,,,,,,,,,,,,,,,,,,,,,,,,,,,,
191,75,2,75,Caulobacter,bacteria,,,,1.0,,,,,,,,,,,,,,,,,,,,,,,,,,,,,,,,,,,,,,,,,,,,,,,,,,,,,,,,,,,,,,,,,,,,,,,,,,,,,,,,,,,,,,,,,,,,,,,,,,,,,,,,,,,,,,,,,,,,,,,,,,,,,,,,,,,,,,,,,,,,
195,165779,2,165779,Anaerococcus,bacteria,,,,2.0,,,,,,,,,,,,,1.0,,2.0,,,,,2.0,,,,,,,,,,,2.0,,,,,,,,,4.0,,,,,,4.0,,,,,,2.0,,,2.0,,,,,,,,,1.0,,,,,,,,,2.0,,,,,,,,,,,2.0,,,,,,,,,,,3.0,,,,4.0,,,,,,,,,,,,,,,,,,,,,,,,,,,,,,,,,,,,,,,,,
197,724,2,724,Haemophilus,bacteria,,,,1.0,,,,,,,,,,,,,,2.0,,,2.0,,,,,,,2.0,,,,,,,,,,1.0,,,,,,,,,,,,,,,,,,,,,,,,,,,,,,,,,,,,,,,,,,,,,,,,,,,,,,,,,,,,,1.0,,,,,,2.0,,,,,,,,,,,,,,,,,,,,,,,,,,,,,,,,,,,,4.0,,,
199,1716,2,1716,Corynebacterium,bacteria,,,,1.0,7.0,,3.0,1.0,,13.0,6.0,,,2.0,,,4.0,17.0,9.0,,8.0,,2.0,11.0,,,,13.0,,,,,,2.0,2.0,,2.0,2.0,,2.0,2.0,,2.0,2.0,35.0,6.0,,11.0,1.0,10.0,4.0,4.0,,4.0,,3.0,1.0,,,,,,2.0,,2.0,,2.0,9.0,10.0,,,,,3.0,2.0,,4.0,,,,4.0,2.0,2.0,,,2.0,,8.0,2.0,,2.0,2.0,2.0,6.0,,,,,8.0,,,,10.0,2.0,6.0,3.0,2.0,,6.0,,,,4.0,3.0,,2.0,,,2.0,,,,2.0,2.0,2.0,,,2.0,,,2.0,,,2.0,6.0,4.0,,,,,4.0,10.0,,
208,1866885,2,1866885,Mycolicibacterium,bacteria,,,,,,,,,,,,,,,,,,,,,,,,,,,,,,,,,,,,,,,,,,,,,,,,,,,,,,,,,,,,,,,,,,,,,,,,,,,,,,,,,,,,,,,,,,,,,,,,,,,,,,,,,,,,,,,,,,,,,,,,,,,,,,,,,,,,,,,,,,,,,,,,
218,2239,2,2239,Halobacterium,archaea,,,,,2.0,,,,,,,,,,,,,,,,,,,,,,,,,,,,,,,,,,,,,,,,2.0,,,,,,,,,,,,,,,,,,,,,,,,,,,,,,,,,,,,,,,,,,,,,,,,,,,,,,,,,,,,,,,,,,,,,,,,,,,,,,,,,,,,,,,,,,,,,,,,,,,
223,286,2,286,Pseudomonas,bacteria,,,,,7.0,,2.0,10.0,2.0,10.0,2.0,,,2.0,2.0,,6.0,14.0,6.0,,6.0,,2.0,8.0,,,20.0,5.0,14.0,,,,,,2.0,2.0,2.0,,,10.0,11.0,,2.0,14.0,6.0,,1.0,12.0,,4.0,2.0,,6.0,4.0,,2.0,,,3.0,5.0,,,2.0,4.0,2.0,,,7.0,8.0,,2.0,,,4.0,,,9.0,34.0,,,10.0,,4.0,34.0,,,,20.0,,,3.0,1.0,6.0,2.0,,6.0,,2.0,6.0,,1.0,2.0,11.0,,6.0,8.0,2.0,,1.0,,2.0,2.0,14.0,4.0,,2.0,,,,2.0,2.0,,4.0,,,,1.0,2.0,,4.0,,,,,1.0,2.0,4.0,,2.0,8.0,15.0,5.0,1.0,
233,407,2,407,Methylobacterium,bacteria,,,,,4.0,,10.0,,2.0,8.0,1.0,,,2.0,2.0,4.0,2.0,4.0,23.0,2.0,12.0,2.0,,7.0,,,,2.0,,,,,,,,,,,,3.0,,,4.0,,23.0,2.0,2.0,8.0,,5.0,6.0,,,,,,,,,,2.0,,4.0,,,,,10.0,7.0,,,,,2.0,,,4.0,,,,,2.0,,,,,,2.0,4.0,2.0,,,,4.0,,,,,13.0,,,2.0,8.0,,2.0,2.0,2.0,,12.0,,2.0,,6.0,2.0,,,,2.0,,,,,2.0,,,,,,,,,4.0,,4.0,2.0,4.0,,5.0,,,,,,
236,33882,2,33882,Microbacterium,bacteria,,,,,3.0,,2.0,,,,,,,,,2.0,,2.0,1.0,,2.0,,,1.0,,,,,,,,,,,2.0,,,,,,,,,,,,,,,,2.0,,,,,,,,1.0,,,,,,,,,2.0,,2.0,2.0,,,,,,,,,,,,,,,,,,,,,,,3.0,,,,,,,,,,2.0,,,,,,,,,,2.0,,,,,,,,,,,,,,,,,,,,,,1.0,,,,,,,,
239,963,2,963,Herbaspirillum,bacteria,,,,,2.0,2.0,,,,6.0,,,,,,,,,,,,2.0,,1.0,,,,1.0,,,,,,,,,,,,,,,,,,,4.0,,,,,,,,,,,,,,,,,,,,,,,,,,,,,,,,,,,,,,,,,,2.0,,2.0,,,,,,,,2.0,,,,5.0,,,,,,,,,,,,,2.0,,,,,,,,,,,,,,,,,,,,,,,,,,,,
241,34072,2,34072,Variovorax,bacteria,,,,,2.0,,2.0,,,1.0,,,,,,1.0,,,,,,,,1.0,,,,,,,,,,,,2.0,,,,,,,,,,,,,,1.0,,,,,,,,,,,,,,,,,,2.0,,,,,,,,,2.0,,,,,,,,,,,,,,,,,,,,,,,,,,2.0,,,,,,3.0,,,2.0,,,,,,,,,,,,,1.0,,,,,,,,,,,,,,,,,,,
246,59732,2,59732,Chryseobacterium,bacteria,,,,,1.0,,10.0,,,1.0,,1.0,,,,1.0,2.0,,1.0,,,,,5.0,,,2.0,,3.0,,,1.0,,1.0,1.0,,,,,,2.0,,1.0,3.0,5.0,,,,,,2.0,,,,,,,,1.0,,,,1.0,,,,2.0,,,,,,1.0,1.0,,,,,,,,1.0,1.0,,,,,,,,,,,3.0,,,,,2.0,,,1.0,1.0,,,,2.0,1.0,4.0,,,,,,,2.0,,,2.0,,1.0,1.0,2.0,,,,2.0,,,,,,,2.0,,,3.0,2.0,,,,,,2.0
252,37914,2,37914,Dietzia,bacteria,,,,,2.0,2.0,,,,,2.0,,,2.0,1.0,,4.0,4.0,2.0,,,,,2.0,,,,,,,,,,,2.0,,,,,,,,1.0,2.0,2.0,2.0,2.0,,,4.0,,,,2.0,,,,,,,,,,,2.0,,,,4.0,,,,,,,,,,,,,,,,2.0,,,,2.0,,,,,2.0,,,,,,,,,8.0,,,,,2.0,,,,,,,,,,,,,,,,,,,2.0,,,,,,,,,,,,,,,,,
257,586,2,586,Providencia,bacteria,,,,,1.0,,,,,,,,,,,,,,,,,,,,,,,,,,,,,,,,,,,,,,,,,,,,,,,,,,,,,,,,,,,,,,,,,,,,,,,,,,,,,,,,,,,,,,,,,,,,,,,,,,,,,,,,1.0,,,,,,,,,,,2.0,,,,,,,,,,,,,,,,,,,,,,,,
259,1696,2,1696,Brevibacterium,bacteria,,,,,2.0,,,,,,,,,,,,,,1.0,,,,,1.0,,,,2.0,,2.0,,,,,,,,,,,,,,,1.0,,,,,,,,,,,,,,,,,,,,,,,4.0,,,,,,,,,,,,,,,,,,2.0,,,,,,,,2.0,,,,,2.0,,,,,,,,,,,,,,,,,,,,,,,,,,,,,,,,,,,,,,,,,,,2.0,,
264,1016,2,1016,Capnocytophaga,bacteria,,,,,2.0,,2.0,,,,,,,,,,,,,,,,,,,,,,,,,,,,,,,,,,,,,,,,,,,,,,,,,2.0,,,,,,,,,,,,,,,,,,,,,,,,,,,,,,,,,,,,,,,,,,,,,,,,,,,,,,,,,,,,,,,,,,,,,,2.0,2.0,,,,,,,,,,,,,,,,,
268,1485,2,1485,Clostridium,bacteria,,,,,2.0,,,,,,,,1.0,,,,,,,,1.0,,,3.0,,,2.0,,,,,,,,,,,,,,,,,,,,,,,,,,,,,,,,,,,,,,,,2.0,,1.0,,,,,,,,,,,,,,,,,,,,,,,,,2.0,,,,,2.0,,,,,,,,,,2.0,,,,1.0,2.0,,,,,,,,,,,2.0,,,,,,,,,,,,,,,,,,,
280,45669,2,45669,Salinicoccus,bacteria,,,,,1.0,,,,,,,,,,,,,,,,,,,,,,,,,,,,,,,,,,,,,,,,,,,,,,,,,,,,,,,,,,,,,,,,,,,,,,,,,,,,,,,,,,,,,,,,,,,,,,,,,,,,,,,,,,,,,,,,,,,,,,,,,,,,,,,,,,,,,,,,,,,
283,150022,2,150022,Finegoldia,bacteria,,,,,4.0,,2.0,,,,,,,,,,1.0,,8.0,,2.0,,,3.0,2.0,,,2.0,,,,2.0,,,,,,,,2.0,1.0,,2.0,2.0,10.0,2.0,,,,4.0,2.0,,2.0,,,,,,,,,,2.0,,2.0,,,2.0,1.0,,,2.0,,,,,,,,,2.0,,2.0,,,,,2.0,2.0,,,,,5.0,,,2.0,,3.0,,,,2.0,,,,,,4.0,,,1.0,2.0,2.0,,,,,2.0,,,,5.0,,,,,,,,1.0,,,,1.0,4.0,,,,,,,,
285,149698,2,149698,Massilia,bacteria,,,,,2.0,,,,,,,,,,,,,,,,,,,,,,,,,,,,,,,,,,,2.0,,,1.0,,,,,,,,,,,2.0,,,,,,,,,,,,,,,,,,,,,,,,,,,,,,,,,,,,,,,,,,,,,,,,,,,,,,,,,,,,,,,,,,,,,,,,,,,,,,,,,,,,,,,,,,
287,265,2,265,Paracoccus,bacteria,,,,,2.0,,,,2.0,2.0,,,,2.0,,,2.0,,5.0,,,,,,,1.0,,2.0,,,,,,,,,,,,2.0,,,3.0,2.0,6.0,,2.0,,,,,,,,,,2.0,,,2.0,,,,,4.0,,,4.0,3.0,,,,,4.0,,,,,,,,,,,,,,,,,,,,2.0,,,,,3.0,,,,,,2.0,,,,2.0,,,,,1.0,,4.0,,,,,,,,,,,,2.0,,,,,,,,2.0,,,,,,2.0,,
293,40323,2,40323,Stenotrophomonas,bacteria,,,,,6.0,,,,,2.0,,2.0,2.0,4.0,,,,4.0,6.0,,,,2.0,2.0,,2.0,,,,,,,,,,,,,,2.0,,,,3.0,10.0,,,,,2.0,3.0,,,,,2.0,,,,,,,,,,,,8.0,4.0,,,,,,,2.0,,,,2.0,,,,,,,,,2.0,,,,,,,2.0,,,2.0,,,,,,,,,,6.0,,,,,4.0,2.0,2.0,1.0,,,,,,2.0,,,,2.0,,,,,,2.0,,2.0,,2.0,,,,,,,
302,620,2,620,Shigella,bacteria,,,,,,2.0,,,,,,,,,,,,,,,,,,,,,,,,,,,,,,,,,,,,,,2.0,,,2.0,,,,,,,,,,,,,,,,,,,,,2.0,,,,,,,,,,,,,,,,,,,,,,,,,,,,,,,2.0,,,,,,,,,,,,,,,,,,,,,,,,,,,,,,,,,,,,,,,,,,,,,
304,1386,2,1386,Bacillus,bacteria,,,,,,2.0,,,,,,,,,,,,,,,,,,2.0,,,,,,,,,,,,,,,,,,,,,,,,,,,,,,,,,,,,,,,,,,,,,,,,,,,,,2.0,,,,,,,,,,,,,,,,,,,,,,,,,,,,,,,,,,,,,,,,,,,,,,,,,,,,,,,,,,,,,,,,,,,
316,2060084,2,2060084,Pandoravirus,viruses,,,,,,,,,,,,,,,,,,,,,,,,,,,,,,,,,,,,,,,,,,,,,,,,,,,,,,,,,,,,,,,,,,,,,,,,,,,,,,,,,,,,,,,,,,,,,,,,,,,,,,,,,,,,,,,,,,,,,,,,,,,,,,,,,,,,,,,,,,,,,,,,
319,2251,2,2251,Haloferax,archaea,,,,,,,1.0,,,,,,,,,,,,,,,,,,,,,,,,,,,,,,,,,,,1.0,,,,,,,,,,,,,,,,,,,,,,,,,,,,,,,,,,,,,,,,,,,,,,1.0,,,,,,,,,,,,,,,,,,,,,,,,,,,,,,,,,,,,,,,,,,,,,,,,,,,,,,,,
340,1578,2,1578,Lactobacillus,bacteria,,,,,,,2.0,,,4.0,,,,,,2.0,,4.0,,,,,,4.0,,,,2.0,,,,,,,,,,2.0,,,2.0,,4.0,,6.0,,,,,,,,2.0,,,2.0,,,,,,,,,,,,2.0,,,,,2.0,,,,2.0,,,,,,,,,,2.0,,,,,,,,,,,,2.0,2.0,2.0,,2.0,,,,,,4.0,2.0,,,,2.0,,,,,,,,,4.0,,,,,,,,,,,,,,,,,,,,,
342,642,2,642,Aeromonas,bacteria,,,,,,,2.0,,,,,,,,,,,,,,,,,,,,,,,,,,,,,,,,,,,,,,,,,,,,,,,,,,,,,,,,,,,,,,,,,,,,,,,,,,,,,,,,,,,,,,,,,,,,,,,,,,,,,,,,,,,,,,,,,,,,,,,,,,,,,,,,,,,,,,,,,
352,338,2,338,Xanthomonas,bacteria,,,,,,,2.0,,,1.0,,,,,,,,2.0,,,,,,,,,,,,,,,,,,,2.0,,,,,,,,,,,,,,,,,,,,,,,,,,,,,,,,,,,,,,,,,,,,,,,,,,,,,,,,,,,,,,,,,,,,,,,,,,,,,,,,,,,,,,,,,,,,,,,,,,,,,,,,,,,
369,2053,2,2053,Gordonia,bacteria,,,,,,,,1.0,,,,,,,,,,2.0,2.0,,,,,,,,,,,,,,,1.0,,,2.0,,,,,,,2.0,,,,,,,2.0,,,,,,,,,,,1.0,,,,,,,,,,,,,,,,,,,,,,,,,,,,,,,,,,,,,2.0,,,,3.0,,,,2.0,,,,,,,4.0,,,,,,,,,,,,,,,,,,,,,,,,,,,,,,
379,52959,2,52959,Polaribacter,bacteria,,,,,,,,,1.0,,,,,,,,,,,,,,,,,,,,,,,,,,,,,,,,,,,,,,,,,,,,,,,,,,,,,,1.0,,,,,,,,,,,,,,,,,,,,,,,,,,1.0,,,,,,,,,,,,,,,,,,1.0,,,,,,,,,1.0,,,,,,,,1.0,,,,,,,,,,,,,,,,,,,,
394,1298,2,1298,Deinococcus,bacteria,,,,,,,,,1.0,,,,,,,,,,2.0,,,,,,,,,,,,,,,,,,,,,,,,,,,,,,,,,,,,,,,,,,,,,,,,,,,,,,,,,,,,,,,,,,,,,,,,,,,,,,,,,,,,,,,,,,,,,,,,,,,,,,,,,,,,,,,,,,,,,,,,,,,,,
400,590,2,590,Salmonella,bacteria,,,,,,,,,1.0,,,2.0,2.0,3.0,,,,,,1.0,,,,,,,,,6.0,,,2.0,,,,,2.0,2.0,,,,,,,,2.0,,4.0,,,,,,,,,11.0,,,,5.0,,,,2.0,,,,,,,,,1.0,,,,,,2.0,,,,2.0,,,,,4.0,,2.0,,,2.0,4.0,,,,2.0,,,,,12.0,,,,,2.0,,,,,,,,,,,,,,2.0,,,,,1.0,,,,,,,,,,,,,,,,
404,1911577,2,1911577,Oryzomicrobium,bacteria,,,,,,,,,,,,,,,,,,,,,,,,,,,,,,,,,,,,,,,,,,,,,,,,,,,,,,,,,,,,,,,,,,,,,,,,,,,,,,,,,,,,,,,,,,,,,,,,,,,,,,,,,,,,,,,,,,,,,,,,,,,,,,,,,,,,,,,,,,,,,,,,
408,1769729,2,1769729,Hathewaya,bacteria,,,,,,,,,,,,,,,,,,,,,,,,,,,,,,,,,,,,,,,,,,,,,,,,,,,,,,,,,,,,,,,,,,,,,,,,,,,,,,,,,,,,,,,,,,,,,,,,,,,,,,,,,,,,,,,,,,,,,,,,,,,,,,,,,,,,,,,,,,,,,,,,
413,-200128827,2,-200128827,non-genus-specific reads in family Erysipelotrichaceae,bacteria,,,,,,,,,,2.0,,,,,,,,,,,,,,,,,,,,,,,,,,,,,,,,,,,,,,,,,,,,,,,,,,,,,,,,,,,,,,,,,,,,,,,,,,,,,,,,,,,,,,,,,,,,,,,,,,,,,,,,,,,,,,,,,,,,,,,,,,,,,,,,,,,,,,
421,1827,2,1827,Rhodococcus,bacteria,,,,,,,,,,2.0,,,,,,,,,2.0,,2.0,,,,,,,,,,,2.0,,,,,,,,,,,,2.0,2.0,,,,,4.0,,,,,,,,,,,,,,,,,,,,,,,,,,,1.0,,,,,,1.0,,,,,,,,,,,,,,,,,,,,,,,,,,,,,,1.0,,,,,,,,,,,,,,,,,,,,,,,,,,,,,2.0,,
435,-200010699,2,-200010699,non-genus-specific reads in family Siphoviridae,viruses,,,,,,,,,,2.0,,,,,,,,,,,,,,,,,,,,,,,,,,,,,,,,,,,,,,,,,,,,,,,,,,,,,,,,,,1.0,,,,,,,,,,,,,,,,,,,,,,,,,,,,,,,,,,,,,,,,,,,,,,,,,,,,,,,,,,,,,,,,,,,,,,,,,,,,
440,1883,2,1883,Streptomyces,bacteria,,,,,,,,,,4.0,,,,2.0,,,,,,,2.0,,,1.0,,,2.0,4.0,,,,,,,,,,,,,,2.0,,2.0,,,,2.0,,1.0,,2.0,,,,,,,,,,,,,,,,2.0,1.0,,,,,,,,,,,,,,,,,,2.0,,,,,2.0,1.0,2.0,,,,,4.0,,,4.0,,,2.0,,,,,,,,,,,,,,,,,,,,,,,,2.0,,,,,2.0,,4.0,,,,,,,,
446,10509,2,10509,Mastadenovirus,viruses,,,,,,,,,,2.0,,,,,,,,,,,,,,,,,,,,,,,,,,,,,,,,,,,,,,,,,,,,,,,,6.0,,,,,,,,,,,,,,,,,,,,,,,,,,,,,,,,,,,,,,,,,,,,,,,,2.0,,,,,,,,,,,,,,,,,,,,,,,,,,,2.0,,,,,,,,,,,
448,44,2,44,Melittangium,bacteria,,,,,,,,,,2.0,,,,,,,,,,,,,,,,,,,,,,,,,,,,,,,,,,,,,,,,,,,,,,,,,,,,,,,,,,,,,,,,,,,,,,,,,,,,,,,,,,,,,,,,,,,,,,,,,,,,,,,,,,,,,,,,,,,,,,,,,,,,,,,,,,,,,,
451,698776,2,698776,Cellulosilyticum,bacteria,,,,,,,,,,2.0,,,,,,,,,,,,,,,,,,,,,,,,,,,,,,,,,,,,,,,,,,,,,,,,,,,,,,,,,,,,,,,,,,,,,,,,,,,,,,,,,,,,,,,,,,,,,,,,,,,,,,,,,,,,,,,,,,,,,,,,,,,,,,,,,,,,,,
460,482,2,482,Neisseria,bacteria,,,,,,,,,,2.0,,,,,,,,,,,,,,,,,,2.0,,,,,,,,,,4.0,,,,,,,,,,,,,,,2.0,2.0,,,,,,,,,,,,,,,,,,,,,,,,,,,,,,,,,,,,,,,,,,,,,,,,,,,,,,,,,,,,,,,,,,,,,,,,,,,,,,,,,,,,,,,,,,
462,1663,2,1663,Arthrobacter,bacteria,,,,,,,,,,2.0,,,,,,,,,,,,,,,,,,,,,,,,,,,,,,,,,,,,,,,,,,,,,,,,,1.0,,,,,,,,,,,,,,,,,,,,,,,,,,,,,,,,,,,,,,,,,,,,,,,,,,,,,,,,,,,,,,,,,,,,,,,,,,,,,,,,,,,,,
467,361177,2,361177,Altererythrobacter,bacteria,,,,,,,,,,1.0,,,,,,,,,2.0,,,,,,,,,,,,,,,,,,,,,,,,,,,,,,,,,,,,,,,,,,,,,,,,,,,,,,,,,,,,,,,,,,,,,,,,,,,,,,,,,,,,,,,,,,,,,,,,,,,,,,,,,,,,,,,,,,,,,,,,,,,,,
472,1375,2,1375,Aerococcus,bacteria,,,,,,,,,,2.0,,,,,,,,,,,,,,,,,,,,,,,,,,,,,,,,,,,,,,,,,,,,,,,,,,,,,,,,,,,,,,,,,,,,,,,,,,,,,,,,,2.0,,,,,,,,,,,,,,,,,,,,,,,,,,,,,,,,,,,,,,,,,,,,,,,,,,,,,
474,265976,2,265976,Serinicoccus,bacteria,,,,,,,,,,1.0,,,,,,,,,,,,,,,,,,,,,,,,,,,,,,,,,,,,,2.0,,,,,,,,,,,,,,,,,,,,,,,,,,,,,,,,,,,,,,,,,,,,,,,,,,,,,,,,,,,,,,,,,,,,,,,,,,,,,,,,,,,,,,,,,,,,,,,,,
477,1357,2,1357,Lactococcus,bacteria,,,,,,,,,,2.0,,,2.0,2.0,,,,2.0,2.0,,,,,,,,,,,,,,,,,,,2.0,,,4.0,2.0,,,2.0,,,,,2.0,2.0,,,,,2.0,,,,,,,,,2.0,,,,,,,,,,,,2.0,,,2.0,,,,,,,,,,,,,,8.0,,2.0,,,6.0,,,,2.0,,,,,,2.0,,,,,,,2.0,,,,6.0,,4.0,,,,,,2.0,,,,,,,,,,,,,,,,
487,838,2,838,Prevotella,bacteria,,,,,,,,,,,2.0,,,,,,,,,,,,,,,,,,,,,,,,,,,,,,,,,2.0,,,,,,,,,,,,,,,,,,,,,,,,,,,,,,,,,,,,,,,,,,,,,,,,,,,,,,,,,,,2.0,,,,,,,1.0,,,,,,,,,,,,,,,,,,,,,,,,,,,,,,,,,,
489,32207,2,32207,Rothia,bacteria,,,,,,,,,,,2.0,2.0,,2.0,,,,,5.0,,,,,,,,,,,,,,,,,,,,,,,,2.0,2.0,2.0,,,,,,2.0,,,,,2.0,,,,,,,,,2.0,,,4.0,,,,,,,,,2.0,,,,,,,,,,,2.0,,,,,,,,,,,,,,,,,,,,,2.0,,,,,,,,,,,,,,,,,,,,,,,,,,,,,,,,,,,
493,32014,2,32014,Iodobacter,bacteria,,,,,,,,,,,,1.0,,,,,,,,,,,,,,,,,,,,,,,,,,,,,,,,,,,,,,,,,,,,,,,,,,,,,,,,,,,,,,,,,,,,,,,,,,,,,,,,,,,,,,,,,,,,,,,,,,,,,,,,,,,,,,,,,,,,,,,,,,,,,,,,,,,,
495,657,2,657,Photobacterium,bacteria,,,,,,,,,,,,2.0,,,,,,,,,,,,,,,,,,,,,,,,,,,,,,,,,,,,,,,,,,,,,,,,,,,,,,,,,,,,,,,,,,,,,,,,,,,,,,,,,,2.0,,,,,2.0,,,,,,,,,,,,,,,,,,,,,,,,,,,,,,,,,,,,,,,,,,,,,
505,544,2,544,Citrobacter,bacteria,,,,,,,,,,,,2.0,,,,,,,,,,,,,,,,,,,,,,2.0,,,,,,,,,,,,,,,2.0,,,,,,,,,,,,,,,,,,,,,,,,1.0,,,,,,,,,,,4.0,,,,,,,,,,2.0,,,,,,,,,2.0,2.0,,,,,,,,,,,,,,,,,,,,,,,,,,,2.0,,,,,,,,,,,,,
511,-200000126,2,-200000126,non-genus-specific reads in family Planctomycetaceae,bacteria,,,,,,,,,,,,1.0,,,,,,,,,,,,,,,,,,,,,,,,,,,,,,,,,,,,,,,,,,,,,,,,,,,,,,,,,,,,,,,,,,,,,,,,,,,,,,,,,,,,,,,,,,,,,,,,,,,,,,,,,,,,,,,,,,,,,,,,,,,,,,,,,,,,
521,445,2,445,Legionella,bacteria,,,,,,,,,,,,,1.0,,,,,,,,,,,,,,,,,,,,,,,,,,,,,,,,,,,,,,,,,,,,,,,,,,,,,,,,,,,,,,,,,,,,,,,,,,,,,,,,,,,,,,,,,,,,,,,,,,,,,,,,,,,,,,,,,,,,,,,,,,,,,,,,,,,
523,497,2,497,Psychrobacter,bacteria,,,,,,,,,,,,,2.0,,,,,,,,,,,,,,,,,,,,,,,,,,,,,,,,2.0,1.0,,,,,,,,,,,,,,,,,,,,,,,,,,,,,,,,,,,,,,,,,,,,,,,,,,,,,2.0,,,,,,,,,,2.0,,,,,,,,,,,,,,,,2.0,,,,,,,,,,,,,,,,,,,
527,68287,2,68287,Mesorhizobium,bacteria,,,,,,,,,,,,,1.0,,,,,,,,,,,,,,,,,,,,,,,,,,,,,,,,,,,,,,,,,,,,,,,,,,,,,,,,,,,,,,,,,,,,,,,,,,,,,,,,,,,,,,,,,,1.0,,,,,,,,,,,,,,,,,,,,,,,,,,,,,,,,,,,,,,,,,
529,579,2,579,Kluyvera,bacteria,,,,,,,,,,,,,2.0,,,,,,,,,,,,,,,,,,,,,,,,,,,,,,,,,,,,,,,,,,,,,,,,,,,,,,,,,,,,,,,,,,,,,,,,,,,,,,,,,,,,,,,,,,,,,,,,,,,,,,,,,,,,,,,,,,,,,,,,,,,,,,,,,,,
536,528,2,528,Ochrobactrum,bacteria,,,,,,,,,,,,,2.0,,,,,,,,,,,,,,,,,,,,,,,,,,,,,,,,,,,,,,,,,,,,,,,,,,,,,,,,,,,,,,,,,,,,,,,,,,,,,,,,,,,,,,,,,,,,,,,,,,,,,,,,,,,,,,,,,,,,,,,,,,,,,,,,,,,
538,626119,2,626119,Ruania,bacteria,,,,,,,,,,,,,,2.0,,,,,,,,,,,,,,,,,,,,,,,,,,,,,,,,,,,,,,,,,,,,,,,,,,,,,,,,,,,,,,,,,,,,,,,,,,,,,,,,,,,,,,,,,,,,,,,,,,,,,,,,,,,,,,,,,,,,,,,,,,,,,,,,,,
540,261933,2,261933,Pleomorphomonas,bacteria,,,,,,,,,,,,,,1.0,,,,,,,,,,,,,,,,,,,,,,,,,,,,,,,,,,,,,,,,,,,,,,,,,,,,,,,,,,,,,,,,,,,,,,,,,,,1.0,,,,,,,,,,,,,,,,,,,,,,,,,,,,,,,,,,,,,,,,,,,,,,,,,,,,,,,
545,165696,2,165696,Novosphingobium,bacteria,,,,,,,,,,,,,,2.0,,,,,,,,,,,,,,,,,,,,,,,,,,,,,,,,,,,,,,,,,,,,,,,,,,,,,,,,,,,,,,,,,,,,,,,,,,,,,2.0,,,,,,,,,,,,,,,,,,,,,,,,,,,,,,,,,,,,,,,,,,,,,,,,,,,,,
547,242605,2,242605,Luteibacter,bacteria,,,,,,,,,,,,,,1.0,,,,,,,,,,,,,,,,,,,,,,,,,,,,,,,,,,,,,,,,,,,,,,,,,,,,,,,,,,,,,,,,,,,,,,,,,,,,,,,,,,,,,,,,,,,1.0,,,,,,,,,,,,,,,,,,,,,,,,,,,,,,,,,,,,,,,
550,162289,2,162289,Peptoniphilus,bacteria,,,,,,,,,,,,,,2.0,,,,,,,,,,1.0,,,,,,,,,,,,,,,,,,,,,,,,,,,,,,,,,,,,,,,,,,,,,,,,,,,,,,,,,,,,,,,,,,,,,,,,,,,,,,,,,,,,,,,,,,,,,,,,,,,,,,,,,,,,,,,,,,,,,,,,
555,267408,2,267408,Arsenicicoccus,bacteria,,,,,,,,,,,,,,2.0,,,,,,,,,,,,,,,,,,,,,,,,,,,,,,,,,,,,,,,,,,,,,,,,,,,,,,,,,,,,,,,,,,,,,,,,,,,,,,,,,,,,,,,,,,,,,,,,,,,,,,,,,,,,,,,,,,,,,,,,,,,,,,,,,,
564,53457,2,53457,Janibacter,bacteria,,,,,,,,,,,,,,1.0,,,,5.0,1.0,,1.0,,,3.0,,,,1.0,,,,,,,,,,,,,1.0,,,2.0,2.0,,2.0,,,2.0,,,,2.0,,2.0,,,,,,,,,,,,4.0,,,,,,,,,1.0,,1.0,,,,,,,,,,,,,,,2.0,,,,,,,,,2.0,,5.0,,,,,,,,,,,48.0,2.0,,2.0,,,,,,,,,,,,,2.0,,,,,2.0,,,,,,,
566,1743,2,1743,Propionibacterium,bacteria,,,,,,,,,,,,,,1.0,,,1.0,,,,,,,,,,,,,,,,,,,,,,,,,,,,,,,,,1.0,,,,,,,,,,,,,,,,,,,,,,,,,,,,,,,,,,,,,,,,,2.0,,,,,,2.0,,,,,,,,,,,,,,,,,,,,,,,,,,,,,,,,,,,,,,,,,,,,,,,
568,374,2,374,Bradyrhizobium,bacteria,,,,,,,,,,,,,,2.0,,2.0,,,,,,,,4.0,,,,,,,,,,,,,,,,,,,,,,,,,,,2.0,,,2.0,,3.0,,,,,,,,,,,,,,,,,,,,,,,,,,,,,,,,,,,,,,,,,,,,,,,,,,,,,,,,,,,,,,,,,,,,,,,,,,,,,,,,1.0,,,,,,,,
587,685950,2,685950,Fervidicoccus,archaea,,,,,,,,,,,,,,,,,,,,,,,,,,,,,,,,,,,,,,,,,,,,,,,,,,,,,,,,,,,,,,,,,,,,,,,,,,,,,,,,,,,,,,,,,,,,,,,,,,,,,,,,,,,,,,,,,,,,,,,,,,,,,,,,,,,,,,,,,,,,,,,,
593,290174,2,290174,Aquimarina,bacteria,,,,,,,,,,,,,,,,1.0,,,,,,,,,,,,,,,,,,,,,,,,,,,1.0,,,,,,,,,,,,,,,,,,,,,,,,,,,,,,,,,,,,,,,,,,,,,,,,,,,,,,,,,,,,,,,,,,,,,,,,,,,,1.0,,1.0,,,,,,,,,,,,,,,,,,,,,,,
615,12916,2,12916,Acidovorax,bacteria,,,,,,,,,,,,,,,,2.0,,,,,,,,2.0,,,,,,1.0,,,,,2.0,,,,,,,,,2.0,,,,,,,,,,,,,,,,,,,,,,,,,,,,,,,,,,,,,,,,,,,,,,,,,,,,,,,,,,,,,4.0,,,,,,,,,2.0,,,,,,,,,,,,,,,,,,,,,,,,,,,,,,
630,1073531,2,1073531,Mycolicibacter,bacteria,,,,,,,,,,,,,,,,,,,,,,,,,,,,,,,,,,,,,,,,,,,,,,,,,,,,,,,,,,,,,,,,,,,,,,,,,,,,,,,,,,,,,,,,,,,,,,,,,,,,,,,,,,,,,,,,,,,,,,,,,,,,,,,,,,,,,,,,,,,,,,,,
642,1839,2,1839,Nocardioides,bacteria,,,,,,,,,,,,,,,,,1.0,,,,,,,3.0,,,,,,,,,,,,,,,,,1.0,,,,,,,,,,,,,,,,,,,,,,,2.0,,,,,,,,,,,,,,,,,,,,,,,,,,,,,,,,,,,,,,,2.0,,,,,,,,,,,,,,,,,,,,,,,,,,,2.0,,,,,,,,,,,,,,
644,191,2,191,Azospirillum,bacteria,,,,,,,,,,,,,,,,,1.0,,2.0,,,,,,,,,,1.0,,,,,,,,,,,,,,,,,,,,,,,,,,,,,,,,,,,,,,,,,,,,,,,,,,,,,,,,,,,,,,,,,,,,,1.0,,,,,2.0,,,,,,2.0,,,,,,,,,,,,,,,,,,,,,,,,,,,,,,,,,,,
649,295577,2,295577,Chthoniobacter,bacteria,,,,,,,,,,,,,,,,,1.0,,,,,,,,,,,,,,,,,,,,,,,,,,,,,,,,,,,,,,,,,,,,,,,,,,,,,,,,,,,,,,,,,,,,,,,,,,,,,,,,,,,,,,,,,,,,,,,,,,,,,,,,,,,,,,,,,,,,,,,,,,,,,,,
652,34008,2,34008,Rhodovulum,bacteria,,,,,,,,,,,,,,,,,2.0,,,,,,,,,,,,,,,,,,,,,,,,,,,,,,,,,,,,,,,,,,,,,,,,,,,,,,,,,,,,,,,,,,,,,,,,,,,,,,,,,,,,,,,,,,,,,,,,,,,,,,,,,,,,,,,,,,,,,,,,,,,,,,,
654,165697,2,165697,Sphingopyxis,bacteria,,,,,,,,,,,,,,,,,1.0,,2.0,,,,1.0,,,,,,,,,,,,,,,,,,,,,,,,,,,,,,,,,,,,,,,,,,,,,,,,,,,,,,,,,,,,,,,,,,,,,,,,,,,,,,,,,,,,,,,2.0,,,,,,,,,,,,,,,,,,,,,,,,,,,,,,,,,,
658,361607,2,361607,Patulibacter,bacteria,,,,,,,,,,,,,,,,,2.0,,,,,,,,,,,,,,,,,,,,,,,,,,,,,,,,,,,,,,,,,,,,,,,,,,,,,,,,,,,,,,,,,,,,,,,,,,,,,,,,,,,,,,,,,,,,,,,,,,,,,,,,,,,,,,,,,,,,,,,,,,,,,,,
665,1847725,2,1847725,Lawsonella,bacteria,,,,,,,,,,,,,,,,,2.0,2.0,,,,,,2.0,,,,,,,,,,,,,,,,,,1.0,2.0,,2.0,,,,,,,,,2.0,,,,,,,,,,,2.0,,,,,,,,,,,,2.0,,,,,,,,,,,,,,,,,2.0,,,,,,,,,,,,2.0,,,,,,,,,,,,,,,,,,,,,,,,,,,,,,,,,,,,2.0,,
667,32008,2,32008,Burkholderia,bacteria,,,,,,,,,,,,,,,,,1.0,,2.0,,,,,,,,,,,,,,,,,,,,,,,,,2.0,,,,2.0,,,,,,,,,,,,,,,,,,,,,,,,,,,,,,,,,,,,,,,,,,,,,,2.0,,,,,,,,,,,,,,,,,,,,,,,,,,,,,,,,,,,,,,,,,,,,,,,,,,
671,56688,2,56688,Halorubrum,archaea,,,,,,,,,,,,,,,,,,18.0,,,,,,,,,,,,,,,,,,,,,,,,,,,,,,,,,,,,,,,,,,,,,,,,,,,,,,,,,,,,,,,,,,,,,,,,,,,,,,,,,,,,,,,,,,,,,,,,,,,,,,,,,,,,,,,,,,,,,,,,,,,,,,
674,558017,2,558017,Betabaculovirus,viruses,,,,,,,,,,,,,,,,,,,,,,,,,,,,,,,,,,,,,,,,,,,,,,,,,,,,,,,,,,,,,,,,,,,,,,,,,,,,,,,,,,,,,,,,,,,,,,,,,,,,,,,,,,,,,,,,,,,,,,,,,,,,,,,,,,,,,,,,,,,,,,,,
678,88723,2,88723,Natrinema,archaea,,,,,,,,,,,,,,,,,,2.0,,,,,,,,,,,,,,,,,,,,,,,,,,,,,,,,,,,,,,,,,,,,,,,,,,,,,,,,,,,,,,,,,,,,,,,,,,,,,,,,,,,,,,,,,,,,,,,,,,,,,,,,,,,,,,,,,,,,,,,,,,,,,,
682,2714737,2,2714737,Alienimonas,bacteria,,,,,,,,,,,,,,,,,,,,,,,,,,,,,,,,,,,,,,,,,,,,,,,,,,,,,,,,,,,,,,,,,,,,,,,,,,,,,,,,,,,,,,,,,,,,,,,,,,,,,,,,,,,,,,,,,,,,,,,,,,,,,,,,,,,,,,,,,,,,,,,,
684,1433997,2,1433997,Diaminobutyricimonas,bacteria,,,,,,,,,,,,,,,,,,1.0,,,,,,,,,,,,,,,,,,,,,,,,,,,,,,,,,,,,,,,,,,,,,,,,,,,,,,,,,,,,,,,,,,,,,,,,,,,,,,,,,,,,,,,,,,,,,,,,,,,,,,,,,,,,,,,,,,,,,,,,,,,,,,
694,1654,2,1654,Actinomyces,bacteria,,,,,,,,,,,,,,,,,,1.0,,,,,,4.0,,,,2.0,,,,,,,,,2.0,,,,,,,3.0,,,,,,,,,,,,,,,,,,,,,,,,2.0,2.0,,,,,,,,,,,,,,,,,,,,,,,,,,,2.0,,,,,,,1.0,,,,,,2.0,,,2.0,,,,,,,,3.0,,,2.0,,,,,,,,,,,,,,,2.0,,,,,,
700,190323,2,190323,Plantibacter,bacteria,,,,,,,,,,,,,,,,,,2.0,,,,,,,,,,,,,,,,,,,,,,,,,,,,,,,,,,,,,,,,,,,,,,,,,,,,,,,,,,,,,,,,,,,,,,,,,,,,,,,,,,,,,,,,,,,,,,,,,,,,,,,,,,,,,,,,,,,,,,,,,,,,,,
707,113,2,113,Gemmata,bacteria,,,,,,,,,,,,,,,,,,1.0,,,,,,,,2.0,,,,,,,,,,,,,,,,,,2.0,,,,,,,,,,,,1.0,,,,,,,,,,,,,,,,,,,,,,,,,,,,,,,,,,,,,,,,,,,,,,,,,,,,,,,,,,,,,,,,,,,,,,,,,,,,,,,,,,,,,,,,
710,662,2,662,Vibrio,bacteria,,,,,,,,,,,,,,,,,,2.0,2.0,,,,,3.0,,,,,,,,,,,,,,,,,,,,,,,,,,2.0,,,,,,,,,,,,,,,,,,,,,,,,,,,1.0,,,,,,,,,,,2.0,,,,,,,,,,,,,,,,,,,,,,,,,,,,,,,,,,,,,,,,,,,,,,,,,,,,,,,,
712,28105,2,28105,Sinorhizobium,bacteria,,,,,,,,,,,,,,,,,,1.0,,,,,,,,,,,,,,,,,,,,,,,,,,,,,,,,,,,,,,,,,,,,,,,,,,,,,,,,,,,,,,,,,,,,,,,,,,,,,,,,,,,,,,,,,,,,,,,,,,,,,,,,,,,,,,,,,,,,,,,,,,,,,,
724,236752,2,236752,Fastidiosipila,bacteria,,,,,,,,,,,,,,,,,,,,,,,,,,,,,,,,,,,,,,,,,,,,,,,,,,,,,,,,,,,,,,,,,,,,,,,,,,,,,,,,,,,,,,,,,,,,,,,,,,,,,,,,,,,,,,,,,,,,,,,,,,,,,,,,,,,,,,,,,,,,,,,,
732,203804,2,203804,Candidatus Blochmannia,bacteria,,,,,,,,,,,,,,,,,,,1.0,,,,,,,,,,,,,,,,,,,,,,,,,,,,,,,,,,,,,,,,,,,,,,,,,,,,,,,,,,,,,,,,,,,,,,,,,,,,,,,,,,,,,,,,,,,,,,,,,,,,,,,,,,,,,,,,,,,,,,,,,,,,,
739,398041,2,398041,Flavisolibacter,bacteria,,,,,,,,,,,,,,,,,,,2.0,,,,,,,,,,,,,,,,,,,,,,,,,,,,,,,,,,,,,,,,,,,,,,,,,2.0,,,,,,,,,,,,,,,,,,,,,,,,,,,,,,,,,,,,,,,,,,,,,,,,,,,,,,,,,,,,,,,,,,,,,,,,,,,,
754,2034,2,2034,Curtobacterium,bacteria,,,,,,,,,,,,,,,,,,,1.0,,,,,,,,,,,,,1.0,,,,,,,,,,,,,,,,,,,,,,,,,,,,,,,,,,,,,,,,,,,,,,,,,,,,,,,,,,,,,,,,,,,1.0,,,,,,,,,,,,,,,,,,,,,,,,,,,,,,,,,,,,,,,,,,,,,
756,89966,2,89966,Hymenobacter,bacteria,,,,,,,,,,,,,,,,,,,1.0,,,,,,,,,,,,,,,,,,,,,,2.0,,,,,,,,,,,,,,,,,,,,,,,,,,,,,,,,,,,,2.0,,,,,,,,,,,,,,,,,,,,,,2.0,,,,1.0,,,,,,,,,,,,,,,,,,,,,,,,,,,,,,,,,,,,,,,,,2.0
758,36739,2,36739,Dermabacter,bacteria,,,,,,,,,,,,,,,,,,,1.0,,,,,,,,,,,,,,,,,,,,,,,,,,,,,,,,,,,,,,,,,,,,,,,,,,,,,,,,,,,,,,,,,,,,,,,,,,,,,,,,,,,,,,,,,,,,,,,,,,,,,,,,,,,,,,,,,,,,,,,,,,,,,
761,83681,2,83681,Nonomuraea,bacteria,,,,,,,,,,,,,,,,,,,1.0,,,,,,,,,,,,,,,,,,,,,,,,,,,,,,,,,,,,,,,,,,,,,,,,,,,,,,,,,,,,,,,,,,,,,,,,,,,,,,,,,,,,,,,,,,,,,,,,,,,,,,,,,,,,,,,,,,,,,,,,,,,,,
770,1243,2,1243,Leuconostoc,bacteria,,,,,,,,,,,,,,,,,,,2.0,,,,,,,,,,,,,,,,,,,,,,,,,,,,,,,4.0,,,,,,,,,,,,,,,,,,,,,,,,2.0,,,,,,,,,,,,,,,,,,,,,,,,,,,,,,,,,,,,,,,,,,,,,,,,,,,,,,,,,,,,,,,,,,,,,,
776,292691,2,292691,Gramella,bacteria,,,,,,,,,,,,,,,,,,,1.0,,,,,,,,,,,,,,,,,,,,,,,,,,,,,,,,,,,,,,,,,,,,,,,,,,,,,,,,,,,,,,,,,,,,,,,,,,,,,,,,,,,,,,,,,,,,,,,1.0,,,,,,,,,,1.0,,,,,,,,,,,,,,,,,1.0,,,
779,34084,2,34084,Riemerella,bacteria,,,,,,,,,,,,,,,,,,,1.0,,,,,,,,,,,,,,,,,,,,,,,,,,,,,,,,,,,,,,,,,,,,,,,,,,,,,,,,,,,,,,,,,,,,,,,,,,,,,,,,,,,,,,,,,,,,,,1.0,,,,,,,,,,,,,,,,,,,,,,,,,,,,,,,1.0
781,65496,2,65496,Actinoalloteichus,bacteria,,,,,,,,,,,,,,,,,,,1.0,,1.0,,,2.0,,,,,,,,,,,,,,,,,,,,,,,,,,,,,,,,,,,,,,,,,,,,,,,,,,,,,,,,,,,,1.0,,,,,,,1.0,,,,,,,,,,,,,,,,,,,,,,,,,,,,,,,,,,,,,,,,,,,,,,,,,,,,,
785,323620,2,323620,Shinella,bacteria,,,,,,,,,,,,,,,,,,,1.0,,,,,,,,,,,,,,,,,,,,,,,,,,,,,,,,,,,,,,,,,,,,,,,,,,,,,,,,,,,,,,,,,,,,,,,,2.0,,,,,,,,,,,,1.0,,,,,,,,,,,,,,,,,,,,,,,,,,,,,,,,,,,,,,,,,
791,1835,2,1835,Saccharopolyspora,bacteria,,,,,,,,,,,,,,,,,,,1.0,,,,,,,,,,,,,,,,,,,,,,,,,,,,,,,,,,,,,2.0,,,,,,,,,,,,,,,,,,,,,,,,,,,,,,,,,,,,,,,,,,,,,,,,,,,,,1.0,,,,,,,,,,,,,,,,,,,,,,,,,,,,,,,,,,,
795,222,2,222,Achromobacter,bacteria,,,,,,,,,,,,,,,,,,,2.0,,,,,,,,,,,,,,,,,,,,,,,,,,,,,,,,,,,,,,,,,,,,,,,,,,,,,,,,,,,,,,,,,,,,,,,,,,,,,,,,,,,,,,,,,,,,,2.0,,,,,,,,,,,,,,,,,,,,,,,,,,,,,,,,
797,379899,2,379899,Niabella,bacteria,,,,,,,,,,,,,,,,,,,2.0,,,,,,,,,,,,,,,,,,,,,,,,,,,,,,,,,,,,,,,,,,,,,,,,,,,,,,,,,,,,,,,,,,,,,,,,,,,,,,,,,,,,,,,,,,,,,,,,,,,,,,,,,,,,,,,,,,,,,,,,,,,,,
810,104267,2,104267,Tenacibaculum,bacteria,,,,,,,,,,,,,,,,,,,,1.0,,,,,,,,,,,,,,,,,,,,,,,,,,,,,,,,,,,,,,,,,,,,,,,,,,,,,1.0,,,,,,,,,,,,,,,,,,,,,,,,,,,,,,,,,,,,,,,,,,,,,,1.0,,,,,,,,,,,,,,,,,,,,,,,,,1.0
812,1501226,2,1501226,Romboutsia,bacteria,,,,,,,,,,,,,,,,,,,,2.0,,,,,,,,,,,,,,,,,,,,,,,,,,,,,,,,,,,,,,,,,,,,,,,,2.0,,,,,,,,,,,,,,,,,,,,,,,,,,,,,,,,,,,,,,,,,,,,,,,,,,,,,,,,,,,,,,,,,,,,,,,,,,,,
822,-202691359,2,-202691359,non-genus-specific reads in family Lacipirellulaceae,bacteria,,,,,,,,,,,,,,,,,,,,,,,,,,,,,,,,,,,,,,,,,,,,,,,,,,,,,,,,,,,,,,,,,,,,,,,,,,,,,,,,,,,,,,,,,,,,,,,,,,,,,,,,,,,,,,,,,,,,,,,,,,,,,,,,,,,,,,,,,,,,,,,,
833,92793,2,92793,Aquabacterium,bacteria,,,,,,,,,,,,,,,,,,,,,1.0,,,,,,,,,,,,,,,,,,,,,,,,,,,,,,,,,,,,,,,,,,,,,,,,,,,,,,,,,,,,,,,,,,,,,,,,,,,,,,,,,,,,,,,,,,,,,,,,,,1.0,,,,,,,,,,,,,,,,,,,,,,,,,
840,125216,2,125216,Roseomonas,bacteria,,,,,,,,,,,,,,,,,,,,,2.0,,,,,,,,,,,,,,,,,,,,,,,,,,,,,,,,,,,,,,,,,,,,,,,,,,,,,,,,,,,,,,,,,,,,,,,,,,,,,,6.0,,,,,,,,,,,,,,,,,,,,,,,,,,,,,,,,,,,,,,,,,,,,,
842,28065,2,28065,Rhodoferax,bacteria,,,,,,,,,,,,,,,,,,,,,1.0,,,,,,,,,,,,,,,,,,,,,,,,,2.0,2.0,,,,,,,,,,,,,2.0,,,,,,,,,,,,,,,,,,,,,,,,,,,,,,,,,,,,,,,,,,2.0,,,,,,,,,,,,,,,,,,,,,,,,,,,,,,,,,,,,,,,,,,
850,71,2,71,Simonsiella,bacteria,,,,,,,,,,,,,,,,,,,,,1.0,,,,,,,,,,,,,,,,,,,,,,,,,,,,,,,,,,,,,,,,,,,,,,,,,,,,,,,,,,,,,,,,,,,,,,,,,,,,,,,,,,,,,,,,,,,,,,,,,,,,,,,,,,,,,,,,,,,,,,,,,,,
854,2755,2,2755,Brochothrix,bacteria,,,,,,,,,,,,,,,,,,,,,2.0,,,,,,,,,,,,,,,,,,,,,,,2.0,,,,2.0,,,,,,,,,,,,,,,,,,,,,,,,,,,,,2.0,,,,,,,,,,,,,,,,,,,,,,2.0,,,,,,,,,,,,,,,,,,,,,,,,,,,,,,,,,,,,,,,,,,,,,
856,72763,2,72763,Tessaracoccus,bacteria,,,,,,,,,,,,,,,,,,,,,2.0,,,,,,,,,,,,,,,,,,,,,,,,,,,,,,,2.0,,,,,,,,,,,,,,,,,,,,,,,,,,,,,,,,,,,,,,,,,,,,,,,,,,,,,,,,,,,,,,,,,,,,,,,,,,,,,,,,,,,,,,,,,,,,
877,347533,2,347533,Zobellella,bacteria,,,,,,,,,,,,,,,,,,,,,,,,,,,,,,,,,,,,,,,,,,,,,,,,,,,,,,,,,,,,,,,,,,,,,,,,,,,,,,,,,,,,,,,,,,,,,,,,,,,,,,,,,,,,,,,,,,,,,,,,,,,,,,,,,,,,,,,,,,,,,,,,
881,83654,2,83654,Leclercia,bacteria,,,,,,,,,,,,,,,,,,,,,,,,25.0,,,,2.0,,,,,,,,,,26.0,,,,,,,,,,,,,,,,2.0,,,,,,,,,,,,,,,,,,,,,,,2.0,,,4.0,,,,,,,,,,,,,,,,,,,,,,,1.0,,,,,,,,,,,,,,,,,,,,,,,,,,,,,,,,,,,,,,,,,
904,1378,2,1378,Gemella,bacteria,,,,,,,,,,,,,,,,,,,,,,,,2.0,,,,,,,,,,,,,,,,,,,,2.0,,,,,,,2.0,,,,,,,,,,,,,,,,,2.0,,,,,,,,,,,,,,,,,,,,,,,,,,,,,,,,,,,,,,,,,,,,,,,,,,,2.0,,,,,2.0,,,,,,,,,,,,,,,,,,,,
910,1822464,2,1822464,Paraburkholderia,bacteria,,,,,,,,,,,,,,,,,,,,,,,,1.0,,,,,,,,,,,,,,,,,,,,,,,,,,,,,,,,,,,,,,,,,,,,,1.0,,,,,,,,1.0,,,,,,,,,,,,,,,,,,,,,,,,,,,,,,,,,,,,,,,,,,,,,,,,,,,,,,,,,,,,,,,,,,,
924,370735,2,370735,Zhihengliuella,bacteria,,,,,,,,,,,,,,,,,,,,,,,,2.0,,,,,,,,,,,,,,,,,,,,,,,,,,,,,,,,,,,,,,,,,,,,,,,,,,,,,,,,,,,,,,,,,,,,,,,,,,,,,,,,,,,,,,,,,,,,,,,,,,,,,,,,,,,,,,,,,,,,,,,,
927,1330546,2,1330546,Pluralibacter,bacteria,,,,,,,,,,,,,,,,,,,,,,,,1.0,,,,,,,,,,,,,,,,,,,,,,,,,,,,,,,,,,,,,,,,,,,,,,,,,,,,,,,,,,,,,,,,,,,,,,,,,,,,,,,,,,,,,2.0,,,,,,,,,,,,,,,,,,,,,,,,,,,,,,,,,,,
930,323449,2,323449,Pontibacter,bacteria,,,,,,,,,,,,,,,,,,,,,,,,1.0,,,,,,,,,,,,,,,,,,,,,,,,,,,,,,,,,,,,,,,,,,,,,,,,,,,,,,,,,,,,,,,,,,,,,,,,,,,,,,,,,,,,,,,,,,,,,,,,,,,,,,,,,,,,,,,,,,,,,,,,
937,1706036,2,1706036,Gemmatirosa,bacteria,,,,,,,,,,,,,,,,,,,,,,,,2.0,,,,,,,,,2.0,,,,,,,,,,,,,,,,,,,,,,,,,,,,,,,,,,,,,,,,,,,,,,,,,,,,,,,,,,,,,,,,,,,,,,,,,,,,,,,,,,,,,,,,,,,,,,,,,,,,,,,,,,,,,,,
939,1637,2,1637,Listeria,bacteria,,,,,,,,,,,,,,,,,,,,,,,,2.0,,,,,,,,,,,,,,,,,,,,,,,,,,,,,,,,,,,,,,,,,,,,,,,,,,,,,,,,,,,,,,,,,,,,,,,,,,,,,,,,,,,,,,,,,,,,,,,,,,,,,,,,,,,,,,,,,,,,,,,,
945,2044,2,2044,Pimelobacter,bacteria,,,,,,,,,,,,,,,,,,,,,,,,2.0,,,,,,,,,,,,,,,,,,,,,,,,,,,,,,,,,,,,,,,,,,,,,,,,,,,,,,,,,,,,,,,,,,,,,,,,,,,,,,,,,,,,,,,,,,,,,,,,,,,,,,,,,,,,,,,,1.0,,,,,,,,
957,568,2,568,Hafnia,bacteria,,,,,,,,,,,,,,,,,,,,,,,,,2.0,,,,,,,,,,,,,,,,,2.0,,,,,,,,,,,,,,,,,,,,,,2.0,,,,,,,,,,,,,,,,,,,,,,,,,,,,,,,,,,,,,,,,2.0,,,,,,,,,,,,,,,,,,,,,,,,,,,,,,,,,,,,,,,,
970,1632780,2,1632780,Phreatobacter,bacteria,,,,,,,,,,,,,,,,,,,,,,,,,,,,,,,,,,,,,,,,,,,,,,,,,,,,,,,,,,,,,,,,,,,,,,,,,,,,,,,,,,,,,,,,,,,,,,,,,,,,,,,,,,,,,,,,,,,,,,,,,,,,,,,,,,,,,,,,,,,,,,,,
1025,67572,2,67572,Psychromonas,bacteria,,,,,,,,,,,,,,,,,,,,,,,,,,,,2.0,,,,,,,,,,,,,,,,,,,,,,,,,,,,,,,,,,,,,,,,2.0,,,,,,,,,,,,,,,,,,,,,,,,,,,,,,,,,,,,,,,,,,,,,,,,,,,,,,,,,,,,,,,,,,,,,,,,,,,,
1032,165695,2,165695,Sphingobium,bacteria,,,,,,,,,,,,,,,,,,,,,,,,,,,,2.0,,,,,,,,,,,,,,,,,,2.0,,2.0,,,,,,,,,,,,,,,,,,,,,,,,,,,,,,,,,,,,,,,,,,,2.0,,,,,,,,,,,,,,,,,,,,,2.0,,2.0,,,,,,,,,3.0,2.0,,,,,,,,,,,2.0,,,,,,,,,
1044,68,2,68,Lysobacter,bacteria,,,,,,,,,,,,,,,,,,,,,,,,,,,,,2.0,,,1.0,,,,,,,,,,,,,,,,,,,,,,,,,,,,,,,,,,,,,,,,,,,,,,,,,,,,,,,,,,,,,,,,,,,,,,,,,,,,,,,,,,,,,,,,,,,,,,,,,,,,,,,,,,,,,,,,
1048,702,2,702,Plesiomonas,bacteria,,,,,,,,,,,,,,,,,,,,,,,,,,,,,2.0,,,,,,,,,,,,,,,,,,,,,,,,,,,,,,,,,,,,,,,,,,,,,,,,,,,,,,,,,,,,,,,,,,,,,,,,,,,,,,,,,,,,,,,,,,,,,,,,,,,,,,,,,,,,,,,,,,,
1050,150247,2,150247,Anoxybacillus,bacteria,,,,,,,,,,,,,,,,,,,,,,,,,,,,,1.0,,,,,,,,,,,,,,,,,,,,,,,,,,,,,,,,,,,,,,,,,,,,,,,,,,,,,,,,,,,,,,,,,,,,,,,,,,,,,,,,,,,,,,,,,,,,,,,,,,,,,,,,,,,,,,,,,,,
1052,129337,2,129337,Geobacillus,bacteria,,,,,,,,,,,,,,,,,,,,,,,,,,,,,2.0,,,,,,,,,,,,,,,,,,,,,,,,,,,,,,,,,,,,,,,,,,,,,,,,,,,,,,,,,,,,,,,,,,,,,,,,,,,,,,,,,,,,,,,,,,,,,,,,,,,,,,,,,,,,,,,,,,,
1060,238749,2,238749,Diaphorobacter,bacteria,,,,,,,,,,,,,,,,,,,,,,,,,,,,,,1.0,,,,,,,,,,,,,,,,,,,,,,,,,,,,,,,,,,,,,,,,,,,,,,,,,,,,,,,,,,,,,,,,,,,,,,,,,,,,,,,,,,,,,,,,,,,,,,,,,,,,,,,,,,,,,,,,,,
1080,447237,2,447237,Frondihabitans,bacteria,,,,,,,,,,,,,,,,,,,,,,,,,,,,,,,,2.0,,,,,,,,,,,,,,,,,,,,,,,,,,,,,,,,,,,,,,,,,,,,,,,,,,,,,,,,,,,,,,,,,,,,,,,,,,,,,,,,,,,,,,,,,,,,,,,,,,,,,,,,,,,,,,,,
1087,816,2,816,Bacteroides,bacteria,,,,,,,,,,,,,,,,,,,,,,,,,,,,,,,,,1.0,,,,,,,,,,,,,,,,,,,,,,,,,,,,,,,,,,,,,,,,,,,,,,,,,,,,,,,,,,,,,,,,,,,,,,,,,,,,,,,,,,,,,,,,,,,,,,,,,,,,,,,,,,,,,2.0,,
1094,1330545,2,1330545,Lelliottia,bacteria,,,,,,,,,,,,,,,,,,,,,,,,,,,,,,,,,,2.0,,,,,,,,,,,,,,,,,,,,2.0,,,,,,,,,,,,,,,,,2.0,,,,,,,,,,,,,,,,,,,,,,,,,,,,,,,,,,,,,,,,,,,,,,,,,,,,,,,,1.0,,,,,,,,,,,,,,,,,
1096,160674,2,160674,Raoultella,bacteria,,,,,,,,,,,,,,,,,,,,,,,,,,,,,,,,,,2.0,,,,,,,,,,,2.0,,,,,,,,,,,,,,,,,,,,,,1.0,,,,,,,,,,,,,,,,,,,,,,,,,,,,,,,,,,,,,,,,,,,,,,,,,,,,,,,,,,,,,,,,,,,,,,,,,,,,,
1099,79328,2,79328,Chitinophaga,bacteria,,,,,,,,,,,,,,,,,,,,,,,,,,,,,,,,,,,143.0,,,,,,,,,,,,,,,,,,,,,,,,,,,,,,,,,,,,,,,,,,,,,,,,,,,,,,,,,,,,,,,,,,,,,,,,,,,,,,,,,,,,,,,,,,,,,,,,,,,,,,,,,,,,,
1101,120831,2,120831,Dyadobacter,bacteria,,,,,,,,,,,,,,,,,,,,,,,,,,,,,,,,,,,55.0,,,,,,,,,,,,,,,,,,,,,,,,,,,,,,,,,,,,,,,,,,,,,,,,,,,,,,,,,,,,,,,,,,,,,,,,,,,,,,,,,,,,,,,,,,,,,,,,,,,,,,,,,,,,,
1104,395331,2,395331,Methanoregula,archaea,,,,,,,,,,,,,,,,,,,,,,,,,,,,,,,,,,,,,,,,,,,,,,,,,,,,,,,,,,,,,,,,,,,,,,,,,,,,,,,,,,,,,,,,,,,,,,,,,,,,,,,,,,,,,,,,,,,,,,,,,,,,,,,,,,,,,,,,,,,,,,,,
1128,1350,2,1350,Enterococcus,bacteria,,,,,,,,,,,,,,,,,,,,,,,,,,,,,,,,,,,,,2.0,,,,,,,,,,,,,,,,,,,,,,,,,,,,,,,,,,,,,,,,,,,,,,,,,,,,,,,,,,,,,,,,,,,,,,,,,,,,,,,,,,,,,,,,,,,,,,,,,,,,,,,,,1.0,,
1134,122277,2,122277,Pectobacterium,bacteria,,,,,,,,,,,,,,,,,,,,,,,,,,,,,,,,,,,,,2.0,,,,,,,,,,,,,,,,,,,,,,,,,,,,,,,,,,,,,,,,,,,,,,,,,,,,,,,,,,,,,,,,,,,,,,,,,,,,,,,,,,,,,,,,,,,,,,,,,,,,,,,,,,,
1137,44258,2,44258,Caloramator,bacteria,,,,,,,,,,,,,,,,,,,,,,,,,,,,,,,,,,,,,,1.0,,,,,,,,,,,,,,,,,,,,,,,,,,,,,,,,,,,,,,,,,,,,,,,,,,,,,,,,,,,,,,,,,,,,,,,,,,,,,,,,,,,,,,,,,,,,,,,,,,,,,,,,,,
1153,118,2,118,Planctomyces,bacteria,,,,,,,,,,,,,,,,,,,,,,,,,,,,,,,,,,,,,,,,2.0,,,,,,,,,,,,,,,,,,,,,,,,,,,,,,,,,,,,,,,,,,,,,,,,,,,,,,,,,,,,,,,,,,,,,,,,,,,,,,1.0,,,,,,,,,,,,,,,,,,,,,,,,,,
1156,316612,2,316612,Methylibium,bacteria,,,,,,,,,,,,,,,,,,,,,,,,,,,,,,,,,,,,,,,,1.0,,,2.0,,,,,,,,,,,,,,,,,,,,,,,,,,,,,,,,,,,,,,,,,,,,,,,,,,,,,,,,,,,,,,,,,,,,,,,,,,,,,,,,,,1.0,,,,,,,,,,,,,,,,,,,
1168,43668,2,43668,Brachybacterium,bacteria,,,,,,,,,,,,,,,,,,,,,,,,,,,,,,,,,,,,,,,,,1.0,,,,2.0,,,,,,,,2.0,,,,,,,,,,,,,,,2.0,,,,,,,,,,,,,,,,,,,,,,,,,,,,,,,,,,1.0,,,,,,,,,,,,,,,,,,,,,,1.0,,,,,,,,,,,,,,,,,,,,
1170,44249,2,44249,Paenibacillus,bacteria,,,,,,,,,,,,,,,,,,,,,,,,,,,,,,,,,,,,,,,,,2.0,,,,,,2.0,,,,,,,,,,,,,,,,,,,,,,,,,,,,,,,,,,,,,,,,,,,,,,,,,,,,1.0,,,,,,,,,,,,,,,,,,,,,,,,,,,,,,,,,,,,,,,,,,,,,
1176,53246,2,53246,Pseudoalteromonas,bacteria,,,,,,,,,,,,,,,,,,,,,,,,,,,,,,,,,,,,,,,,,,2.0,,,,,,,,,,,,,,,,,,,,,,,,,,,,,,,,,,,,,,,,,,,,,,,,,,,,,,,,,,,,,,,,,,,,,,,,,,,,,,,,,,,,,,,,,,,,,,,,,,,,,,
1180,-200011270,2,-200011270,non-genus-specific reads in family Rhabdoviridae,viruses,,,,,,,,,,,,,,,,,,,,,,,,,,,,,,,,,,,,,,,,,,1.0,,,,,,,,,,,,,,,,,,,,,,,,,,,,1.0,,,,,,,,,,,,,,,,,,,,,,,,,,,,,,,,,,,,,,,,,,,,,,,,,,,,,,,,,,,,,,,,,,,,,,,,,,
1182,1060,2,1060,Rhodobacter,bacteria,,,,,,,,,,,,,,,,,,,,,,,,,,,,,,,,,,,,,,,,,,1.0,,,1.0,,,,,,,,,,,,,,,,,,,,,,,,,,,,,,,,1.0,,,,,,,,,,,,,,,,,,,,,,,,,,,,,,,,,,,,,2.0,,,,,,,,,,,,,,,,,,,,,,,,,,,,,,
1189,465,2,465,Tatlockia,bacteria,,,,,,,,,,,,,,,,,,,,,,,,,,,,,,,,,,,,,,,,,,,2.0,,,,,,,,,,,,,,,,,,,,,,,,,,,,,,,,,,,,,,,,,,,,,,,,,,,,,,,,,,,,,,,,,,,,,,,,,,,,,,,,,,,,,,,,,,,,,,,,,,,,,
1192,169133,2,169133,Citricoccus,bacteria,,,,,,,,,,,,,,,,,,,,,,,,,,,,,,,,,,,,,,,,,,,1.0,,,,,,,,,,,,,,,,,,,,,,,,,,,,,,,,,,,,,,,,,,,,,,,,,,,,,,,,,,,,,,,,,,,,,,,,,,,,,,,,,,,,,,,,,,,,,,,,,,,,,
1196,-200186803,2,-200186803,non-genus-specific reads in family Lachnospiraceae,bacteria,,,,,,,,,,,,,,,,,,,,,,,,,,,,,,,,,,,,,,,,,,,2.0,,,,1.0,,,,,,,,,,,,,,,,,,,,,,,,,,,,,,,,,,,,,,,,,,,,,,,,,,,,,,,,,,,,,,,,,,,,,,,,,,,,,,,,,,,,,,,,,,,,,,,,,
1205,2678886,2,2678886,Pulveribacter,bacteria,,,,,,,,,,,,,,,,,,,,,,,,,,,,,,,,,,,,,,,,,,,,,,,,,,,,,,,,,,,,,,,,,,,,,,,,,,,,,,,,,,,,,,,,,,,,,,,,,,,,,,,,,,,,,,,,,,,,,,,,,,,,,,,,,,,,,,,,,,,,,,,,
1213,2490452,2,2490452,Serpentinomonas,bacteria,,,,,,,,,,,,,,,,,,,,,,,,,,,,,,,,,,,,,,,,,,,,,,,,,,,,,,,,,,,,,,,,,,,,,,,,,,,,,,,,,,,,,,,,,,,,,,,,,,,,,,,,,,,,,,,,,,,,,,,,,,,,,,,,,,,,,,,,,,,,,,,,
1223,32067,2,32067,Leptotrichia,bacteria,,,,,,,,,,,,,,,,,,,,,,,,,,,,,,,,,,,,,,,,,,,,4.0,,,,,,,,,,,,,,,,,,,,,,,,,,,,,,,,,,,,,,,,,,,,,,,,,,,,,,,2.0,,,2.0,,,,,,,,,,,,,,2.0,,,,2.0,,,,,,,,,,,,,,,,2.0,,,,,,,,
1229,522,2,522,Acidiphilium,bacteria,,,,,,,,,,,,,,,,,,,,,,,,,,,,,,,,,,,,,,,,,,,,2.0,,,,,,,,,,,,,,,,,,,,,,,,,,,,,,,,,,,,,,,,,,,,,,,,,,,,,,,,,,,,,,,,,,,,,,,,,,,,,,,,,,,,,,,,,,,,,,,,,,,,
1231,60919,2,60919,Sanguibacter,bacteria,,,,,,,,,,,,,,,,,,,,,,,,,,,,,,,,,,,,,,,,,,,,1.0,,,,,,,,,,,,,,,,,,,,,,,,,,,,,,,,,,,,,,,,,,,,,,,,,,,,,,,,,,,,,,,,,,,,,,,,,,,,,,,,,,,,,,,,,,,,,,,,,,,,
1233,1988,2,1988,Actinomadura,bacteria,,,,,,,,,,,,,,,,,,,,,,,,,,,,,,,,,,,,,,,,,,,,1.0,,,,,,,,,,,,,,,,,,,,,,,,,,,,,,,,,,,,,,,,,,,,,,,,,,,,,,,,,,,,,,,,,,,,,,,,,,,,,,,,,,,,,,,,,,,,,,,,,,,,
1246,2019,2,2019,Thermomonospora,bacteria,,,,,,,,,,,,,,,,,,,,,,,,,,,,,,,,,,,,,,,,,,,,1.0,,,,,,,,,,,,,,,,,,,,,,,,,,,,,,,,,,,,,,,,,,,,,,,,,,,,,,,,,,,,,,,,,,,,,,,,2.0,,,,,,,,,,,,,,,,,,,,,,,,,,,,
1249,33986,2,33986,Exiguobacterium,bacteria,,,,,,,,,,,,,,,,,,,,,,,,,,,,,,,,,,,,,,,,,,,,2.0,,,,,,,,,,,,,,,,,,,,,,,,2.0,,,,,,,,,2.0,,,,,,,,,,2.0,,,,,,,,,,,,,,,,,,,,,,,,,,,,,,,,,,,,,,,,,,,,,,,,,,,,,,,,,
1254,29404,2,29404,Microlunatus,bacteria,,,,,,,,,,,,,,,,,,,,,,,,,,,,,,,,,,,,,,,,,,,,2.0,,,,,,,,,,,,,,,,,,,,,,,,,,,,,,,,,,,,,,,,,,,,,,,,,,,,,,,,,,,,1.0,,,,,,,,,,,,,,,,,,,,,,,,,,,,,,,,,,,,,,,,
1256,54298,2,54298,Chroococcidiopsis,bacteria,,,,,,,,,,,,,,,,,,,,,,,,,,,,,,,,,,,,,,,,,,,,1.0,,,,,,,,,,,,,,,,,,,,,,2.0,,,2.0,,,,,,,,,,,,,,,,,,,,,,,,,,,,,,2.0,,,,,,,,,,,,,,,,,,,,,,,,,,,,,,,,,,,,,,,,,,,,,
1259,28067,2,28067,Rubrivivax,bacteria,,,,,,,,,,,,,,,,,,,,,,,,,,,,,,,,,,,,,,,,,,,,2.0,,,,,,,,,,,,,,,,,,,,,,,,,,,,,,,,,,,,,,,,,,,,,,,,,,,,,,,,,,,,,,,,,,,,,,,,,,,,,,,,,,,,,,,,,,,,,,,,,,,,
1261,1209988,2,1209988,Halopenitus,archaea,,,,,,,,,,,,,,,,,,,,,,,,,,,,,,,,,,,,,,,,,,,,,,,,,,,,,,,,,,,,,,,,,,,,,,,,,,,,,,,,,,,,,,,,,,,,,,,,,,,,,,,,,,,,,,,,,,,,,,,,,,,,,,,,,,,,,,,,,,,,,,,,
1265,219181,2,219181,Ottowia,bacteria,,,,,,,,,,,,,,,,,,,,,,,,,,,,,,,,,,,,,,,,,,,,,2.0,,,,,,,,,,,,,,,,,,,,,,,,,,,,,,,,,,,,,,,,,,,,,,,,,,,,,,,,,,,,,,,,,,,,,,,,,,,,,,,,,,,,,,,,,,,,,,,,,,,
1267,53572,2,53572,Deferribacter,bacteria,,,,,,,,,,,,,,,,,,,,,,,,,,,,,,,,,,,,,,,,,,,,,1.0,,,,,,,,,,,,,,,,,,,,,,,,,,,,,,,,,,,,,,,,,,,,,,,,,,,,,,,,,,,,,,,,,,,,,,,,,,,,,,,,,,,,,,,,,,,,,,,,,,,
1274,83614,2,83614,Luteimonas,bacteria,,,,,,,,,,,,,,,,,,,,,,,,,,,,,,,,,,,,,,,,,,,,,2.0,,,,,,2.0,,,,2.0,,,,,,,,,,,,,,2.0,,,,,,,,,,,,,,,,,,,,,,,,,,,,,,2.0,,,,,,,,,,,,,,,,,,,,,,,,,,,,,,,,,,,,,,,,,,,,,
1277,2529408,2,2529408,Schaalia,bacteria,,,,,,,,,,,,,,,,,,,,,,,,,,,,,,,,,,,,,,,,,,,,,,,,,,,,,,,,,,,,,,,,,,,,,,,,,,,,,,,,,,,,,,,,,,,,,,,,,,,,,,,,,,,,,,,,,,,,,,,,,,,,,,,,,,,,,,,,,,,,,,,,
1298,2040,2,2040,Aeromicrobium,bacteria,,,,,,,,,,,,,,,,,,,,,,,,,,,,,,,,,,,,,,,,,,,,,2.0,,,,,,,,,,,,,,,,,,,,,,,,,,,,,,,,,,,,,,,,,,,,,,,,,,,,,,,,,,,,,,,,,,,,,,,,,,,,,,,,,,,,,,,,,,,,,,,,,,,
1303,1678,2,1678,Bifidobacterium,bacteria,,,,,,,,,,,,,,,,,,,,,,,,,,,,,,,,,,,,,,,,,,,,,1.0,,,,,,,,,,,,,,,,,,,,,,,,,,,,,,,,,,,,,,,,,,,,,,,,,,,,,,,,,,,,,,,,,,,,,,,,,,,,,,,,,,,,,,,,,,,,,,,,,,,
1305,352,2,352,Azotobacter,bacteria,,,,,,,,,,,,,,,,,,,,,,,,,,,,,,,,,,,,,,,,,,,,,1.0,,,,,,,,,,,,,,,,,,,,,,,,,,,,,,,,,,,,,,,,,,,,,,,,,,,,,,,,,,,,,,,,,,,,,,,,,,,,,,,,,,,,,,,,,,,,,,,,,,,
1307,106589,2,106589,Cupriavidus,bacteria,,,,,,,,,,,,,,,,,,,,,,,,,,,,,,,,,,,,,,,,,,,,,2.0,,,,,,,,,,,,,,,,,,,,,,,,,,,,,,,,,,,,,,2.0,,,,,2.0,,,,,,,,,,,,,,,,,,,,,,,,,2.0,2.0,,,,,,,,,,,,,,,,,,,,,,,,,,,,,,
1312,93681,2,93681,Roseateles,bacteria,,,,,,,,,,,,,,,,,,,,,,,,,,,,,,,,,,,,,,,,,,,,,2.0,,,,,,,,,2.0,,,,,,,,,,,,,,,,,,,,,,,,,,,,,,,,,,,,,,,,,,,,,,,,,,,,,,,4.0,,,,,,,,,,,,,,,,,,,,,,,,,,,,,,,,,,,
1314,157,2,157,Treponema,bacteria,,,,,,,,,,,,,,,,,,,,,,,,,,,,,,,,,,,,,,,,,,,,,2.0,,,,,,,,,,,,,,,,,,,,,,,,,,,,,,,,,,,,,,,,,,,,,,,,,,,,,,,,,,,,,,,,,,,,,,,,,,,,,,,,,,,,,,,,,,,,,,,,,,,
1317,212743,2,212743,Rhizobacter,bacteria,,,,,,,,,,,,,,,,,,,,,,,,,,,,,,,,,,,,,,,,,,,,,2.0,,,,,,,,,,,,,,,,,,,,,,,,,,,,,,,,,,,,,,,,,,,,,,,,,,,,,,,,,,,,,,,,,,,,,,,,,,,,,,,,,,,,,,,,,,,,,,,,,,,
1319,48736,2,48736,Ralstonia,bacteria,,,,,,,,,,,,,,,,,,,,,,,,,,,,,,,,,,,,,,,,,,,,,2.0,,,,,,,,,,,,,,,,,,,,,,,,,,,,,2.0,,,,,,,,,,,,,,,,,,,,,,,,,,,,,,,,,,,,,,,,2.0,,,,,,,,,,,,,,,,,,2.0,,,,,,,,,,,,
1336,366614,2,366614,Haematobacter,bacteria,,,,,,,,,,,,,,,,,,,,,,,,,,,,,,,,,,,,,,,,,,,,,,,2.0,,,,,,,,,,,,,,,,,,,,,,,,,,,,,,2.0,,,,,,,,,,,,,,,1.0,,,,,,,,,,,,,,,,,,,,,,,,,,,,,,,,,,,,,,,,,,,,,,,,,,,,
1339,28228,2,28228,Colwellia,bacteria,,,,,,,,,,,,,,,,,,,,,,,,,,,,,,,,,,,,,,,,,,,,,,,2.0,,,,,,,,,,,,,,,,,,,,,,,,,,,,,,,,,,,,,,,,,,,,,,,,,,,,,,,,,,,,,,,,,,,,,,,,,,,,,,,,,,,,,,,,,,,,,,,,,
1347,85413,2,85413,Bosea,bacteria,,,,,,,,,,,,,,,,,,,,,,,,,,,,,,,,,,,,,,,,,,,,,,,2.0,,,,,,,,,,,,,,,,,,,,,,,,,,,,,,,,,,,,,,,,,,,,,,,,,,,,,,,,,,,,,,,,,,,,,,,,,,,,,,,,,,,,,,,,,,,,,,,,,
1349,207244,2,207244,Anaerostipes,bacteria,,,,,,,,,,,,,,,,,,,,,,,,,,,,,,,,,,,,,,,,,,,,,,,1.0,,,,,,,,,,,,,,,,,,,,,,,,,,,,,,,,,,,,,,,,,,,,,,,,,,,,,,,,,,,,,,,,,,,,,,,,,,,,,,,,,,,,,,,,,,,,,,,,,
1355,191494,2,191494,Conexibacter,bacteria,,,,,,,,,,,,,,,,,,,,,,,,,,,,,,,,,,,,,,,,,,,,,,,1.0,,,,,,,,,,,,,,,,,,,,,,,,,,,,,,,,,,,,,,,,,,,,,,,,,,,,,,,,,,,,,,,,,,,,,,,,,,,,,,,,,,,,,,,,,,,,,,,,,
1358,283,2,283,Comamonas,bacteria,,,,,,,,,,,,,,,,,,,,,,,,,,,,,,,,,,,,,,,,,,,,,,,2.0,,,,,,,,,2.0,,,,,,,,,,,,,,,,,,,,,,,,,,,,,,,,,,,,,,,,,,,,,,,,,,,,,,2.0,,,2.0,,,,,,,,,,,,,,,,,,,,,,,,,,,,,,,
1363,33969,2,33969,Melissococcus,bacteria,,,,,,,,,,,,,,,,,,,,,,,,,,,,,,,,,,,,,,,,,,,,,,,,,,,,,,,,,,,,,,,,,,,,,,,,,,,,,,,,,,,,,,,,,,,,,,,,,,,,,,,,,,,,,,,,,,,,,,,,,,,,,,,,,,,,,,,,,,,,,,,,
1377,1609958,2,1609958,Confluentimicrobium,bacteria,,,,,,,,,,,,,,,,,,,,,,,,,,,,,,,,,,,,,,,,,,,,,,,,1.0,,,,,,,,,,,,,,,,,,,,,,,,,,,,,,,,,,,,,,,,,,,,,,,,,,,,,,,,,,,,,,,,,,,,,,,,,,,,,,,,,,,,,,,,,,,,,,,,
1383,212791,2,212791,Enhydrobacter,bacteria,,,,,,,,,,,,,,,,,,,,,,,,,,,,,,,,,,,,,,,,,,,,,,,,,2.0,,,,,,,,,,,,,,,,,,,,,,,,,,,,,,,,,,,,,,,,,,,,,,,,,,,,,,,,,,,,,,,,,,,,,,,,,,,,,,,,,,,,,,,,,,,,,,,
1385,55968,2,55968,Leucobacter,bacteria,,,,,,,,,,,,,,,,,,,,,,,,,,,,,,,,,,,,,,,,,,,,,,,,,4.0,,,,,,,,,,,,,,,,,,,,,20.0,,,,,,,,,,,,,,,,,6.0,,,,,,,,,,,,,,,,,,,,,4.0,,,,,,,,,,,,,,,,,,,,,,,,,,,,,,,,,,,,
1392,596707,2,596707,Sinomonas,bacteria,,,,,,,,,,,,,,,,,,,,,,,,,,,,,,,,,,,,,,,,,,,,,,,,,1.0,,,,,,,,,,,,,,,,,,,,,,,,,,,,,,,,,,,,,,,,,,,,,,,,,,,,,,,,,,,,1.0,,,,,,,,,,,,,,,,,,,,,,,,,,,,,,,,,,,
1397,1763827,2,1763827,Hankyongella,bacteria,,,,,,,,,,,,,,,,,,,,,,,,,,,,,,,,,,,,,,,,,,,,,,,,,,,,,,,,,,,,,,,,,,,,,,,,,,,,,,,,,,,,,,,,,,,,,,,,,,,,,,,,,,,,,,,,,,,,,,,,,,,,,,,,,,,,,,,,,,,,,,,,
1419,2735,2,2735,Verrucomicrobium,bacteria,,,,,,,,,,,,,,,,,,,,,,,,,,,,,,,,,,,,,,,,,,,,,,,,,,1.0,,,,,,,,,,,,,,,,,,,,,,,,,,,,,,,,,,,,,,,,,,,,,,,,,,,,,,,,,,,,,,,,,,,,,,,,,,,,,,,,,,,,,,,,,,,,,,
1426,1073,2,1073,Rhodopseudomonas,bacteria,,,,,,,,,,,,,,,,,,,,,,,,,,,,,,,,,,,,,,,,,,,,,,,,,,1.0,,,,,,,,,,,,,,,,,,,,,,,,,,,,,,,,,,,,,,,,,,,,,,,,,,,,,,,,,,,,,,,,,,,,,,,,,,,,,,,,,,,,,,,,,,,,,,
1445,28453,2,28453,Sphingobacterium,bacteria,,,,,,,,,,,,,,,,,,,,,,,,,,,,,,,,,,,,,,,,,,,,,,,,,,,2.0,,,,,,,,,,,2.0,,,,,,,2.0,,,,,,,,,,,,,,,,,,,,,,,,,,,,,,,,,,,,,,,,4.0,,,,,,,,,,2.0,,,,1.0,,,,,,,,,,,,,,,,,,,,,
1447,195950,2,195950,Tannerella,bacteria,,,,,,,,,,,,,,,,,,,,,,,,,,,,,,,,,,,,,,,,,,,,,,,,,,,2.0,,,,,,,,,,,,,,,,,,,,,,,,,,,,,,,,,,,,,,,,,,,,,,,,,,,,,,,,,,,,,,,,,,,,,,,,,,,,,,,,,,,,,,,,,,,,,
1456,150203,2,150203,Blastomonas,bacteria,,,,,,,,,,,,,,,,,,,,,,,,,,,,,,,,,,,,,,,,,,,,,,,,,,,,,1.0,,,,,,,,,,,,,,,,,,,,,,,,,,,,,,,,,,,,,,,,,,,,,,,,,,,,,,,,,,,,,,,,,,,,,,,,,,,,,,,,,,,,,,,,,,,
1466,158846,2,158846,Megamonas,bacteria,,,,,,,,,,,,,,,,,,,,,,,,,,,,,,,,,,,,,,,,,,,,,,,,,,,,,,2.0,,,,,,,,,,,,,,,,,,,,,,,,,,,,,,,,,,,,,,,,,,,,,,,,,,,,,,,,,,,,,,,,,,,,,,,,,,,,,,,,,,,,,,,,,,
1468,1433993,2,1433993,Chryseolinea,bacteria,,,,,,,,,,,,,,,,,,,,,,,,,,,,,,,,,,,,,,,,,,,,,,,,,,,,,,,,,,,,,,,,,,,,,,,,,,,,,,,,,,,,,,,,,,,,,,,,,,,,,,,,,,,,,,,,,,,,,,,,,,,,,,,,,,,,,,,,,,,,,,,,
1480,157920,2,157920,Cellulosimicrobium,bacteria,,,,,,,,,,,,,,,,,,,,,,,,,,,,,,,,,,,,,,,,,,,,,,,,,,,,,,2.0,,,,,,,,,,,,,,,,,,,,,,,,,,,,,,,,,,,2.0,,,,,,,,,,,,,,,,,,,,,,,,,,,,,,,,,,,,,,,,,,,,,,,,,,,,,,,
1485,1855413,2,1855413,Brevirhabdus,bacteria,,,,,,,,,,,,,,,,,,,,,,,,,,,,,,,,,,,,,,,,,,,,,,,,,,,,,,,,,,,,,,,,,,,,,,,,,,,,,,,,,,,,,,,,,,,,,,,,,,,,,,,,,,,,,,,,,,,,,,,,,,,,,,,,,,,,,,,,,,,,,,,,
1493,33886,2,33886,Rathayibacter,bacteria,,,,,,,,,,,,,,,,,,,,,,,,,,,,,,,,,,,,,,,,,,,,,,,,,,,,,,,,1.0,,,,,,,,,,,,,,,,,,,,,,,,,,,,,,,,,,,,,,,,,,,,,,,,,,,,,,,,,,,,,,,,,,,,,,,,,,,,,,,,,,,,,,,,
1497,22,2,22,Shewanella,bacteria,,,,,,,,,,,,,,,,,,,,,,,,,,,,,,,,,,,,,,,,,,,,,,,,,,,,,,,,2.0,,,,,,,,,,,,,,,,,,,,,,,,,,,,,,,,,,,,,,,,,,,,,,,,,,,,,,,,,,,,,,,,,,,,,,,,,,,,,,,,,,,,,,2.0,,
1506,267986,2,267986,Owenweeksia,bacteria,,,,,,,,,,,,,,,,,,,,,,,,,,,,,,,,,,,,,,,,,,,,,,,,,,,,,,,,,1.0,,,,,,,,,,,,,,,,,,,,,,,,,,,,,,,,,,,,,,,,,,,,,,,,,,,,,,,,,,,,,,,,,,,,,,,,,,,,,,1.0,,,,,,,,,
1515,1903434,2,1903434,Atlantibacter,bacteria,,,,,,,,,,,,,,,,,,,,,,,,,,,,,,,,,,,,,,,,,,,,,,,,,,,,,,,,,,2.0,,,,,,,,,,,,,,,,,,,,,,,,,,,,,,,,,,,,,,,,,,,,,,,,,,,,,,,,,,,,,,,,,,,,,,,,,,,,,,,,,,,,,,
1518,114248,2,114248,Tepidimonas,bacteria,,,,,,,,,,,,,,,,,,,,,,,,,,,,,,,,,,,,,,,,,,,,,,,,,,,,,,,,,,,2.0,,,,,,,,,,,,,,,,,,,,,,,,,,,,,,,,,,,,,,,,,,,,,,,,,,,,,,,,,,,,,,,,,,,,,,,,,,,,,,,,,,,,,
1522,-200010662,2,-200010662,non-genus-specific reads in family Myoviridae,viruses,,,,,,,,,,,,,,,,,,,,,,,,,,,,,,,,,,,,,,,,,,,,,,,,,,,,,,,,,,,2.0,,,,,,,,,,,,,,,,,,,,,,,,,,,,,,,,,,,2.0,,,,,,,,,,,,,,,,,,,,,,,,,,,,,2.0,,,,,,,,,,,,,,,,,,,,,
1531,40222,2,40222,Methylophaga,bacteria,,,,,,,,,,,,,,,,,,,,,,,,,,,,,,,,,,,,,,,,,,,,,,,,,,,,,,,,,,,,2.0,,,,,,,,,,,,,,,,,,,,,,,,,,,,,,,,,,,,,,,,,,,,,,,,,,,,,,,,,,,,,,,,,,,,,,,,,,,,,,,,,,,,
1545,32012,2,32012,Thiomonas,bacteria,,,,,,,,,,,,,,,,,,,,,,,,,,,,,,,,,,,,,,,,,,,,,,,,,,,,,,,,,,,,,2.0,,,,,,,,,,,,,,,,,,,,,,,,,,,,,,,,,,,,,,,,,,,,,,,,,,,,,,,,,,,,,,,,,,,,,,,,,,,,,,,,,,,
1565,1111,2,1111,Porphyrobacter,bacteria,,,,,,,,,,,,,,,,,,,,,,,,,,,,,,,,,,,,,,,,,,,,,,,,,,,,,,,,,,,,,,,1.0,,,,,,,,,,,,,,,,,,,,,,,,,,,,,,,2.0,,,,,,,,,,,,,,,,,,,,,,,,,,,,,,,,,,,,,,,,,,,,,,,,,,
1570,204037,2,204037,Dickeya,bacteria,,,,,,,,,,,,,,,,,,,,,,,,,,,,,,,,,,,,,,,,,,,,,,,,,,,,,,,,,,,,,,,,2.0,,,,,,,,,,,,,,,,,,,,,,,,,,,,,,,,,,,,,,,,2.0,,,,,,,,,,,,,,,,,,,,,,,,,,,,,,,,,,,,,,,,
1574,75309,2,75309,Rhodanobacter,bacteria,,,,,,,,,,,,,,,,,,,,,,,,,,,,,,,,,,,,,,,,,,,,,,,,,,,,,,,,,,,,,,,,,,2.0,,,,,,,,,,,,,,,,,,,,,,,,,,,,,,,,,,,,,,,,,,,,,,,,,,,,,,,,,,,,,,,,,,,,,,,,,,,,,,
1580,670516,2,670516,Mycobacteroides,bacteria,,,,,,,,,,,,,,,,,,,,,,,,,,,,,,,,,,,,,,,,,,,,,,,,,,,,,,,,,,,,,,,,,,,,,,,,,,,,,,,,,,,,,,,,,,,,,,,,,,,,,,,,,,,,,,,,,,,,,,,,,,,,,,,,,,,,,,,,,,,,,,,,
1582,1922243,2,1922243,Sextaecvirus,viruses,,,,,,,,,,,,,,,,,,,,,,,,,,,,,,,,,,,,,,,,,,,,,,,,,,,,,,,,,,,,,,,,,,,2.0,,,,,,,,,,,,,,,,,,,,,,,,,,,,,,,,,,,,,,,,,,,,,,,,,,,,,,,,,,,,,,,,,,,,,,,,,,,,,
1604,120961,2,120961,Roseiflexus,bacteria,,,,,,,,,,,,,,,,,,,,,,,,,,,,,,,,,,,,,,,,,,,,,,,,,,,,,,,,,,,,,,,,,,,,1.0,,,,,,,,,,,,,,,,,,,,,,,,,,,,,,,,,,,,,,,,,,,,,,,,,,,,,,,,,,,,,,,,,,,,,,,,,,,,
1610,204286,2,204286,Cobetia,bacteria,,,,,,,,,,,,,,,,,,,,,,,,,,,,,,,,,,,,,,,,,,,,,,,,,,,,,,,,,,,,,,,,,,,,2.0,,,,,,,,,,,,,,,,,,,,,,,,,,,,,,,,,,,,,,,,,,,,,,,,,,,,,,,,,,,,,,,,,,,,,,,,,,,,
1612,12960,2,12960,Azoarcus,bacteria,,,,,,,,,,,,,,,,,,,,,,,,,,,,,,,,,,,,,,,,,,,,,,,,,,,,,,,,,,,,,,,,,,,,1.0,,,,,,,,,,,,,,,,,,,,,,,,,,,,,,,,,,,,,,,,,,,,,,,,,,,,,,,,,,,,,,,,,,,,,,,,,,,,
1618,507,2,507,Alcaligenes,bacteria,,,,,,,,,,,,,,,,,,,,,,,,,,,,,,,,,,,,,,,,,,,,,,,,,,,,,,,,,,,,,,,,,,,,2.0,,,,,,,,,,,,,,,,,,,,,,,,,,,,,,,,,,,,,,,,,,,,,,,,,,,,,,,,,,,,,,,,,,,,,,,,,,,,
1620,1849828,2,1849828,Paeniclostridium,bacteria,,,,,,,,,,,,,,,,,,,,,,,,,,,,,,,,,,,,,,,,,,,,,,,,,,,,,,,,,,,,,,,,,,,,1.0,,,,,,,,,,,,,,,,,,,,,,,,,,,,,,,,,,,,,,,,,,,,,,,,,,,,,,,,,,,,,,,,,,,,,,,,,,,,
1632,1649468,2,1649468,Melaminivora,bacteria,,,,,,,,,,,,,,,,,,,,,,,,,,,,,,,,,,,,,,,,,,,,,,,,,,,,,,,,,,,,,,,,,,,,,2.0,,,,,,,,,,,,,,,,,,,,,,,,,,,,,,,,,,,,,,,,,,,,,,,,,,,,,,,,,,,,,,,,,,,,,,,,,,,
1634,2603324,2,2603324,Acidibrevibacterium,bacteria,,,,,,,,,,,,,,,,,,,,,,,,,,,,,,,,,,,,,,,,,,,,,,,,,,,,,,,,,,,,,,,,,,,,,,,,,,,,,,,,,,,,,,,,,,,,,,,,,,,,,,,,,,,,,,,,,,,,,,,,,,,,,,,,,,,,,,,,,,,,,,,,
1638,644355,2,644355,Inhella,bacteria,,,,,,,,,,,,,,,,,,,,,,,,,,,,,,,,,,,,,,,,,,,,,,,,,,,,,,,,,,,,,,,,,,,,,,,,,,,,,,,,,,,,,,,,,,,,,,,,,,,,,,,,,,,,,,,,,,,,,,,,,,,,,,,,,,,,,,,,,,,,,,,,
1640,2100764,2,2100764,Mixta,bacteria,,,,,,,,,,,,,,,,,,,,,,,,,,,,,,,,,,,,,,,,,,,,,,,,,,,,,,,,,,,,,,,,,,,,,,,,,,,,,,,,,,,,,,,,,,,,,,,,,,,,,,,,,,,,,,,,,,,,,,,,,,,,,,,,,,,,,,,,,,,,,,,,
1648,1982251,2,1982251,Pahexavirus,viruses,,,,,,,,,,,,,,,,,,,,,,,,,,,,,,,,,,,,,,,,,,,,,,,,,,,,,,,,,,,,,,,,,,,,,2.0,,,,,,,,,,,,,,,,,,,,,,,,,2.0,,,,,2.0,,,,2.0,,,,,,,,,,,,,,,,,,,,,,,,,,,,,,,,2.0,,,,,,,,,
1678,2723,2,2723,Hirschia,bacteria,,,,,,,,,,,,,,,,,,,,,,,,,,,,,,,,,,,,,,,,,,,,,,,,,,,,,,,,,,,,,,,,,,,,,,2.0,,,,,,,,,,,,,,,,,,,,,,,,,,,,,,,,,,,,,,,,,,,,,,,,,,,,,,,,,,,,,,,,,,,,,,,,,,
1687,1231242,2,1231242,Ferrovibrio,bacteria,,,,,,,,,,,,,,,,,,,,,,,,,,,,,,,,,,,,,,,,,,,,,,,,,,,,,,,,,,,,,,,,,,,,,,,,2.0,,,,,,,,,,,,,,,,,,,,,,,,,,,,,,,,,,,,,,,,,,,,,,,,,,,,,,,,,,,,,,,,,,,,,,,,
1692,1649459,2,1649459,Hungatella,bacteria,,,,,,,,,,,,,,,,,,,,,,,,,,,,,,,,,,,,,,,,,,,,,,,,,,,,,,,,,,,,,,,,,,,,,,,,,2.0,,,,,,,,,,,,,,,,,,,,,,,,,,,,,,,,,,,,,,,,,,,,,,,,,,,,,,,,,,,,,,,,,,,,,,,
1706,232523,2,232523,Hylemonella,bacteria,,,,,,,,,,,,,,,,,,,,,,,,,,,,,,,,,,,,,,,,,,,,,,,,,,,,,,,,,,,,,,,,,,,,,,,,,,2.0,,,,,,,,,,,,,,,,,,,,,,,,,,,,,,,,,,,,,,,,,,,,,,,,,2.0,,,,,,,,,,,,,,,1.0,,,,,,
1710,455076,2,455076,Rhodocytophaga,bacteria,,,,,,,,,,,,,,,,,,,,,,,,,,,,,,,,,,,,,,,,,,,,,,,,,,,,,,,,,,,,,,,,,,,,,,,,,,,,,,,,,,,,,,,,,,,,,,,,,,,,,,,,,,,,,,,,,,,,,,,,,,,,,,,,,,,,,,,,,,,,,,,,
1724,2055880,2,2055880,Pseudescherichia,bacteria,,,,,,,,,,,,,,,,,,,,,,,,,,,,,,,,,,,,,,,,,,,,,,,,,,,,,,,,,,,,,,,,,,,,,,,,,,,2.0,,,,,,,,,,,,,,,,,,,,,,,,,,,,,,,,,,,,,,,,,,,,,,,,,,,,,,,,,,,,,,,,,,,,,
1740,59734,2,59734,Empedobacter,bacteria,,,,,,,,,,,,,,,,,,,,,,,,,,,,,,,,,,,,,,,,,,,,,,,,,,,,,,,,,,,,,,,,,,,,,,,,,,,,,1.0,,,,,,,,,,,,,,,,,,,,,,,,,,,,,,,,,,,,1.0,,,,,,,,,,,,,,,,,,,,,,,,,,,,,,,
1750,28895,2,28895,Thermoanaerobacterium,bacteria,,,,,,,,,,,,,,,,,,,,,,,,,,,,,,,,,,,,,,,,,,,,,,,,,,,,,,,,,,,,,,,,,,,,,,,,,,,,,2.0,,,,,,,,,,,,,,,,,,,,,,,,,,,,,,,,,,,,,,,,,,,,,,,,,,,,,,,,,,,,,,,,,,,
1752,46255,2,46255,Weissella,bacteria,,,,,,,,,,,,,,,,,,,,,,,,,,,,,,,,,,,,,,,,,,,,,,,,,,,,,,,,,,,,,,,,,,,,,,,,,,,,,2.0,,,,,,,,,,,,,,,,,,,,,,,,,,,,,,,,,,,,,,,,,,,,,,,,,,,,,,,,,,,2.0,,,,,,,,
1754,32199,2,32199,Buchnera,bacteria,,,,,,,,,,,,,,,,,,,,,,,,,,,,,,,,,,,,,,,,,,,,,,,,,,,,,,,,,,,,,,,,,,,,,,,,,,,,,2.0,,,,,,,,,,,,,,,,,,,,,,,,,,,,,,,,,,,,,,,,,,,,,,,,,,,,,,,,,,,,,,,,,,,
1758,57499,2,57499,Kytococcus,bacteria,,,,,,,,,,,,,,,,,,,,,,,,,,,,,,,,,,,,,,,,,,,,,,,,,,,,,,,,,,,,,,,,,,,,,,,,,,,,,2.0,,,,,,,,,,,,,,,,,,,,,,,,,,,,,,,,,,,,,,,,,,,,,,,,,,,,,,,,,,,,,,,,,,,
1760,-200633392,2,-200633392,non-genus-specific reads in family Iamiaceae,bacteria,,,,,,,,,,,,,,,,,,,,,,,,,,,,,,,,,,,,,,,,,,,,,,,,,,,,,,,,,,,,,,,,,,,,,,,,,,,,,,,,,,,,,,,,,,,,,,,,,,,,,,,,,,,,,,,,,,,,,,,,,,,,,,,,,,,,,,,,,,,,,,,,
1766,29580,2,29580,Janthinobacterium,bacteria,,,,,,,,,,,,,,,,,,,,,,,,,,,,,,,,,,,,,,,,,,,,,,,,,,,,,,,,,,,,,,,,,,,,,,,,,,,,,,1.0,,,,,,,,,,,,,,,,,,,,,,,,,,,,,,,,,,,,,,,,,,,,,,,,,,,,,,,,,,,,,,,,,,
1803,1573,2,1573,Clavibacter,bacteria,,,,,,,,,,,,,,,,,,,,,,,,,,,,,,,,,,,,,,,,,,,,,,,,,,,,,,,,,,,,,,,,,,,,,,,,,,,,,,,,,,4.0,,,,,,,,,,,,,,,,,,,,,,,,,,,,,,,,,,,,,,,,,,,,,,,,,,,,,,,,,,,,,,
1805,46352,2,46352,Agrococcus,bacteria,,,,,,,,,,,,,,,,,,,,,,,,,,,,,,,,,,,,,,,,,,,,,,,,,,,,,,,,,,,,,,,,,,,,,,,,,,,,,,,,,,1.0,,,,,,,,,,,,,,,,,,,,,,,,,,,,,,,,,,,,,,,,,,,,,,,,,,,,,,,,,,,,,,
1809,1195526,2,1195526,Gryllotalpicola,bacteria,,,,,,,,,,,,,,,,,,,,,,,,,,,,,,,,,,,,,,,,,,,,,,,,,,,,,,,,,,,,,,,,,,,,,,,,,,,,,,,,,,,2.0,,,,,,,,,,,,,,,,,,,,,,,,,,,,,,,,,,,,,,,,,,,,,,,,,,,,,,,,,,,,,
1823,40566,2,40566,Actinosynnema,bacteria,,,,,,,,,,,,,,,,,,,,,,,,,,,,,,,,,,,,,,,,,,,,,,,,,,,,,,,,,,,,,,,,,,,,,,,,,,,,,,,,,,,,1.0,,,,,,,,,,,,,,,,,,,,,,,,,,,,,,,,,,,,,,,,,,,,,,,,,,,,,,,,,,,,
1826,836,2,836,Porphyromonas,bacteria,,,,,,,,,,,,,,,,,,,,,,,,,,,,,,,,,,,,,,,,,,,,,,,,,,,,,,,,,,,,,,,,,,,,,,,,,,,,,,,,,,,,2.0,,,,,,,,,,,,,,,,,,,,,,,,,,,,,,,,,,,,,,,,,,,,,,,,,,,,,,,,,,,,
1832,400634,2,400634,Lysinibacillus,bacteria,,,,,,,,,,,,,,,,,,,,,,,,,,,,,,,,,,,,,,,,,,,,,,,,,,,,,,,,,,,,,,,,,,,,,,,,,,,,,,,,,,,,,,2.0,,,,,,,,,,,,,,,,,,,,,,,,,,,,,,,,,,,,,,,,,,,,,,,,,,,,,,,,,,
1834,432330,2,432330,Tumebacillus,bacteria,,,,,,,,,,,,,,,,,,,,,,,,,,,,,,,,,,,,,,,,,,,,,,,,,,,,,,,,,,,,,,,,,,,,,,,,,,,,,,,,,,,,,,2.0,,1.0,,2.0,,,,,,,,,,,,,,,,,,,,,1.0,,,,,,,,,,,,,,,,,,,,,,,,,,,,,,,,,
1842,33981,2,33981,Kineococcus,bacteria,,,,,,,,,,,,,,,,,,,,,,,,,,,,,,,,,,,,,,,,,,,,,,,,,,,,,,,,,,,,,,,,,,,,,,,,,,,,,,,,,,,,,,1.0,,,,,,,,,,,,,,,,,,,,,,,,,,,,,,,,,,,,,,,,,,,,,,,,,,,,,,,,,,
1844,52972,2,52972,Polaromonas,bacteria,,,,,,,,,,,,,,,,,,,,,,,,,,,,,,,,,,,,,,,,,,,,,,,,,,,,,,,,,,,,,,,,,,,,,,,,,,,,,,,,,,,,,,2.0,,,,,,,,,,,,,,,,,,,,,,,,,,,,,,,,,,,,,,,,,,,,,,,,,,,,,,,,,,
1850,110932,2,110932,Leifsonia,bacteria,,,,,,,,,,,,,,,,,,,,,,,,,,,,,,,,,,,,,,,,,,,,,,,,,,,,,,,,,,,,,,,,,,,,,,,,,,,,,,,,,,,,,,,2.0,,,,,,,,,,,,,,,,,,,,,,,,,,,,,,,,,,,,,,,,,,,,,,,,,,,,,,,,,
1852,-200085023,2,-200085023,non-genus-specific reads in family Microbacteriaceae,bacteria,,,,,,,,,,,,,,,,,,,,,,,,,,,,,,,,,,,,,,,,,,,,,,,,,,,,,,,,,,,,,,,,,,,,,,,,,,,,,,,,,,,,,,,2.0,,,,,,,,,,,,,,,,,,,,,,,,,,,,,,,,,,,,,,,,,,,,,,,,,,,,,,,,,
1855,1847,2,1847,Pseudonocardia,bacteria,,,,,,,,,,,,,,,,,,,,,,,,,,,,,,,,,,,,,,,,,,,,,,,,,,,,,,,,,,,,,,,,,,,,,,,,,,,,,,,,,,,,,,,2.0,,,,,,,,,,,,,,,,,,,,,,,,,,1.0,1.0,,,,,,,,,,,,,,,,,,,,,,,,,,,,,,
1862,433923,2,433923,Pseudacidovorax,bacteria,,,,,,,,,,,,,,,,,,,,,,,,,,,,,,,,,,,,,,,,,,,,,,,,,,,,,,,,,,,,,,,,,,,,,,,,,,,,,,,,,,,,,,,,2.0,,,,,,,,,,,,,,,,,,,,,,,,,,,,,,,,,,,,,,,,,,,,,,,,,,,,,,,,
1869,1778601,2,1778601,Apibacter,bacteria,,,,,,,,,,,,,,,,,,,,,,,,,,,,,,,,,,,,,,,,,,,,,,,,,,,,,,,,,,,,,,,,,,,,,,,,,,,,,,,,,,,,,,,,1.0,,,,,,,,,,,,,,,,,,,,,,,,,,,,,,,,,,,,,,,,,,,,,,,,,,,,,,,,
1873,543311,2,543311,Parvimonas,bacteria,,,,,,,,,,,,,,,,,,,,,,,,,,,,,,,,,,,,,,,,,,,,,,,,,,,,,,,,,,,,,,,,,,,,,,,,,,,,,,,,,,,,,,,,2.0,,,,,,,,,,,,,,,,,,,,,,,,,,,,,,,,,,,,,,,,,,,,,,,,,,,,,,,,
1894,1569,2,1569,Sporosarcina,bacteria,,,,,,,,,,,,,,,,,,,,,,,,,,,,,,,,,,,,,,,,,,,,,,,,,,,,,,,,,,,,,,,,,,,,,,,,,,,,,,,,,,,,,,,,,,1.0,,,,,,,,,,,,,,,,,,,,,,,,,,,,,,,,,,,,,,,,,,,,,,,,,,,,,,
1905,104264,2,104264,Cellulophaga,bacteria,,,,,,,,,,,,,,,,,,,,,,,,,,,,,,,,,,,,,,,,,,,,,,,,,,,,,,,,,,,,,,,,,,,,,,,,,,,,,,,,,,,,,,,,,,,1.0,,,,,,,,,,,,,,,,,,,,,,,,,,,,,,,,,,,,,,,,,,,,,,,,,,,,,
1909,326319,2,326319,Dokdonia,bacteria,,,,,,,,,,,,,,,,,,,,,,,,,,,,,,,,,,,,,,,,,,,,,,,,,,,,,,,,,,,,,,,,,,,,,,,,,,,,,,,,,,,,,,,,,,,1.0,,,,,,,,,,,,,,,,,,,,,,,,,,,,,,,,,,,,,1.0,,,,,,,,,,,,,,,,
1920,214906,2,214906,Histophilus,bacteria,,,,,,,,,,,,,,,,,,,,,,,,,,,,,,,,,,,,,,,,,,,,,,,,,,,,,,,,,,,,,,,,,,,,,,,,,,,,,,,,,,,,,,,,,,,,2.0,,,,,,,,,,,,,,,,,,,,,,,,,,,,,,,,,,,,,,,,,,,,,,,,,,,,
1922,416916,2,416916,Aggregatibacter,bacteria,,,,,,,,,,,,,,,,,,,,,,,,,,,,,,,,,,,,,,,,,,,,,,,,,,,,,,,,,,,,,,,,,,,,,,,,,,,,,,,,,,,,,,,,,,,,2.0,,,,,,,,,,,,,,,,,,,,,,,,,,,,,,,,,,,,,,,,,,,,,,,,,,,,
1928,154116,2,154116,Georgenia,bacteria,,,,,,,,,,,,,,,,,,,,,,,,,,,,,,,,,,,,,,,,,,,,,,,,,,,,,,,,,,,,,,,,,,,,,,,,,,,,,,,,,,,,,,,,,,,,,,1.0,,,,,,,,,,,,,,,,,,,,,,,,,,,,,,,,,,,,,,,,,,,,,,,,,,
1931,1506577,2,1506577,Tyzzerella,bacteria,,,,,,,,,,,,,,,,,,,,,,,,,,,,,,,,,,,,,,,,,,,,,,,,,,,,,,,,,,,,,,,,,,,,,,,,,,,,,,,,,,,,,,,,,,,,,,2.0,,,,,,,,,,,,,,,,,,,,,,,,,,,,,,,,,,,,,,,,,,,,,,,,,,
1933,-200001300,2,-200001300,non-genus-specific reads in family Streptococcaceae,bacteria,,,,,,,,,,,,,,,,,,,,,,,,,,,,,,,,,,,,,,,,,,,,,,,,,,,,,,,,,,,,,,,,,,,,,,,,,,,,,,,,,,,,,,,,,,,,,,2.0,,,,,,,,,,,,,,,,,,,,,,,,,,,,,,,,,,,,,,,,,,,,,,,,,,
1947,583,2,583,Proteus,bacteria,,,,,,,,,,,,,,,,,,,,,,,,,,,,,,,,,,,,,,,,,,,,,,,,,,,,,,,,,,,,,,,,,,,,,,,,,,,,,,,,,,,,,,,,,,,,,,1.0,,,,,,,,,,,,,,,,,,,,,,,,,,,,,,,,,,,,,,,,,,,,,,,,,,
1949,6,2,6,Azorhizobium,bacteria,,,,,,,,,,,,,,,,,,,,,,,,,,,,,,,,,,,,,,,,,,,,,,,,,,,,,,,,,,,,,,,,,,,,,,,,,,,,,,,,,,,,,,,,,,,,,,1.0,,,,,,,,,,,,,,,,,,,,,,,,,,,,,,,,,,,,,,,,,,,,,,,,,,
1960,1263,2,1263,Ruminococcus,bacteria,,,,,,,,,,,,,,,,,,,,,,,,,,,,,,,,,,,,,,,,,,,,,,,,,,,,,,,,,,,,,,,,,,,,,,,,,,,,,,,,,,,,,,,,,,,,,,,,2.0,,,,,,,,,,,,,,,,,,,,,,,,,,,,,,,,,,,,,,,,,,,,,,,,
1962,57494,2,57494,Nesterenkonia,bacteria,,,,,,,,,,,,,,,,,,,,,,,,,,,,,,,,,,,,,,,,,,,,,,,,,,,,,,,,,,,,,,,,,,,,,,,,,,,,,,,,,,,,,,,,,,,,,,,,,,2.0,,,,,,,,,,,,,,,,,,,,,,,,,,,,,,,,,,,,,,,,,,,,,,
1970,112040,2,112040,Zobellia,bacteria,,,,,,,,,,,,,,,,,,,,,,,,,,,,,,,,,,,,,,,,,,,,,,,,,,,,,,,,,,,,,,,,,,,,,,,,,,,,,,,,,,,,,,,,,,,,,,,,,,,,,,,,,,,,,,,,,,,,,,,,,,,,,,,,,,,,,,,,,,,,,,,,
1972,2169658,2,2169658,Wizardvirus,viruses,,,,,,,,,,,,,,,,,,,,,,,,,,,,,,,,,,,,,,,,,,,,,,,,,,,,,,,,,,,,,,,,,,,,,,,,,,,,,,,,,,,,,,,,,,,,,,,,,,,,,,,,,,,,,,,,,,,,,,,,,,,,,,,,,,,,,,,,,,,,,,,,
1975,-201914233,2,-201914233,non-genus-specific reads in family Gemmataceae,bacteria,,,,,,,,,,,,,,,,,,,,,,,,,,,,,,,,,,,,,,,,,,,,,,,,,,,,,,,,,,,,,,,,,,,,,,,,,,,,,,,,,,,,,,,,,,,,,,,,,,,,,,,,,,,,,,,,,,,,,,,,,,,,,,,,,,,,,,,,,,,,,,,,
1978,10861,2,10861,Inovirus,viruses,,,,,,,,,,,,,,,,,,,,,,,,,,,,,,,,,,,,,,,,,,,,,,,,,,,,,,,,,,,,,,,,,,,,,,,,,,,,,,,,,,,,,,,,,,,,,,,,,,,,,,,,,,,,,,,,,,,,,,,,,,,,,,,,,,,,,,,,,,,,,,,,
1980,713,2,713,Actinobacillus,bacteria,,,,,,,,,,,,,,,,,,,,,,,,,,,,,,,,,,,,,,,,,,,,,,,,,,,,,,,,,,,,,,,,,,,,,,,,,,,,,,,,,,,,,,,,,,,,,,,,,,,2.0,,,,,,,,,,,,,,,,,,,,,,,,,,,,,,,,,,,,,,,,,,,,,
1984,46913,2,46913,Devosia,bacteria,,,,,,,,,,,,,,,,,,,,,,,,,,,,,,,,,,,,,,,,,,,,,,,,,,,,,,,,,,,,,,,,,,,,,,,,,,,,,,,,,,,,,,,,,,,,,,,,,,,2.0,,,,,,,,,,,,,,,,,,,,,,,,,,,,,,,,,,,,,,,,,,,,,
1991,434,2,434,Acetobacter,bacteria,,,,,,,,,,,,,,,,,,,,,,,,,,,,,,,,,,,,,,,,,,,,,,,,,,,,,,,,,,,,,,,,,,,,,,,,,,,,,,,,,,,,,,,,,,,,,,,,,,,4.0,,,,,,,,,,,,,,,,,,,,,,,,,,,,,,,,,,,,,,,,,,,,,
1997,91914,2,91914,Asaia,bacteria,,,,,,,,,,,,,,,,,,,,,,,,,,,,,,,,,,,,,,,,,,,,,,,,,,,,,,,,,,,,,,,,,,,,,,,,,,,,,,,,,,,,,,,,,,,,,,,,,,,1.0,,,,,,,,,,,,,,,,,,,,,,,,,,,,,,,,,,,,,,,,,,,,,
2003,270,2,270,Thermus,bacteria,,,,,,,,,,,,,,,,,,,,,,,,,,,,,,,,,,,,,,,,,,,,,,,,,,,,,,,,,,,,,,,,,,,,,,,,,,,,,,,,,,,,,,,,,,,,,,,,,,,2.0,,,,,,,,,,,,,,,,,,,,,,,,,,,,,,,,,,,,,,,,,,,,,
2009,99,2,99,Ancylobacter,bacteria,,,,,,,,,,,,,,,,,,,,,,,,,,,,,,,,,,,,,,,,,,,,,,,,,,,,,,,,,,,,,,,,,,,,,,,,,,,,,,,,,,,,,,,,,,,,,,,,,,,,,2.0,,,,,,,,,,,,,,,,,,,,,,,,,,,,,,,,,,,,,,,,,,,
2029,202907,2,202907,Collimonas,bacteria,,,,,,,,,,,,,,,,,,,,,,,,,,,,,,,,,,,,,,,,,,,,,,,,,,,,,,,,,,,,,,,,,,,,,,,,,,,,,,,,,,,,,,,,,,,,,,,,,,,,,,2.0,,,,,,,,,,,,,,,,,,,,,,,,,,,,,,,,,,,,,,,,,,
2033,174951,2,174951,Ramlibacter,bacteria,,,,,,,,,,,,,,,,,,,,,,,,,,,,,,,,,,,,,,,,,,,,,,,,,,,,,,,,,,,,,,,,,,,,,,,,,,,,,,,,,,,,,,,,,,,,,,,,,,,,,,1.0,,,,,,,,,,,,,,,,,,,,,,,,,,,,,,,,,,,,,,,,,,
2035,2680004,2,2680004,Protaetiibacter,bacteria,,,,,,,,,,,,,,,,,,,,,,,,,,,,,,,,,,,,,,,,,,,,,,,,,,,,,,,,,,,,,,,,,,,,,,,,,,,,,,,,,,,,,,,,,,,,,,,,,,,,,,,,,,,,,,,,,,,,,,,,,,,,,,,,,,,,,,,,,,,,,,,,
2042,1075398,2,1075398,Salarchaeum,archaea,,,,,,,,,,,,,,,,,,,,,,,,,,,,,,,,,,,,,,,,,,,,,,,,,,,,,,,,,,,,,,,,,,,,,,,,,,,,,,,,,,,,,,,,,,,,,,,,,,,,,,,,,,,,,,,,,,,,,,,,,,,,,,,,,,,,,,,,,,,,,,,,
2061,319458,2,319458,Leadbetterella,bacteria,,,,,,,,,,,,,,,,,,,,,,,,,,,,,,,,,,,,,,,,,,,,,,,,,,,,,,,,,,,,,,,,,,,,,,,,,,,,,,,,,,,,,,,,,,,,,,,,,,,,,,,2.0,,,,,,,,,,,,,,,,,,,,,,,,,,,,,,,,,,,,,,,,,
2085,745364,2,745364,Luteipulveratus,bacteria,,,,,,,,,,,,,,,,,,,,,,,,,,,,,,,,,,,,,,,,,,,,,,,,,,,,,,,,,,,,,,,,,,,,,,,,,,,,,,,,,,,,,,,,,,,,,,,,,,,,,,,,2.0,,,,,,,,,,,,,,,,,,,,,,,,,,,,,,,,,,,,,,,,
2087,1854,2,1854,Frankia,bacteria,,,,,,,,,,,,,,,,,,,,,,,,,,,,,,,,,,,,,,,,,,,,,,,,,,,,,,,,,,,,,,,,,,,,,,,,,,,,,,,,,,,,,,,,,,,,,,,,,,,,,,,,1.0,,,,,,,,,,,,,,,,,,,,,,,,,,,,,,,,,,,,,,,,
2096,2600304,2,2600304,Baekduia,bacteria,,,,,,,,,,,,,,,,,,,,,,,,,,,,,,,,,,,,,,,,,,,,,,,,,,,,,,,,,,,,,,,,,,,,,,,,,,,,,,,,,,,,,,,,,,,,,,,,,,,,,,,,,,,,,,,,,,,,,,,,,,,,,,,,,,,,,,,,,,,,,,,,
2098,47670,2,47670,Lautropia,bacteria,,,,,,,,,,,,,,,,,,,,,,,,,,,,,,,,,,,,,,,,,,,,,,,,,,,,,,,,,,,,,,,,,,,,,,,,,,,,,,,,,,,,,,,,,,,,,,,,,,,,,,,,,,,2.0,,,,,,,,,,,,,,,,,,,,,,,,,,,,,,,,,,,,,
2106,1158,2,1158,Oscillatoria,bacteria,,,,,,,,,,,,,,,,,,,,,,,,,,,,,,,,,,,,,,,,,,,,,,,,,,,,,,,,,,,,,,,,,,,,,,,,,,,,,,,,,,,,,,,,,,,,,,,,,,,,,,,,,,,2.0,,,,,,,,,,,,,,,,,,,,,,,,,,,,,,,,,,,,2.0,
2124,388463,2,388463,Edaphobacter,bacteria,,,,,,,,,,,,,,,,,,,,,,,,,,,,,,,,,,,,,,,,,,,,,,,,,,,,,,,,,,,,,,,,,,,,,,,,,,,,,,,,,,,,,,,,,,,,,,,,,,,,,,,,,,,,,1.0,,,,,,,,,,,,,,,,,,,,,,,,,,,,,,,,,,,
2126,1623305,2,1623305,Skunavirus,viruses,,,,,,,,,,,,,,,,,,,,,,,,,,,,,,,,,,,,,,,,,,,,,,,,,,,,,,,,,,,,,,,,,,,,,,,,,,,,,,,,,,,,,,,,,,,,,,,,,,,,,,,,,,,,,2.0,,,,,,,,,,,,,,,,,,,,,,,,,,,,,,,,,,,
2128,191028,2,191028,Leisingera,bacteria,,,,,,,,,,,,,,,,,,,,,,,,,,,,,,,,,,,,,,,,,,,,,,,,,,,,,,,,,,,,,,,,,,,,,,,,,,,,,,,,,,,,,,,,,,,,,,,,,,,,,,,,,,,,,1.0,,,,,,,,,,,,,,,,,,,,,,,,,,,,,,,,,,,
2132,28253,2,28253,Marinomonas,bacteria,,,,,,,,,,,,,,,,,,,,,,,,,,,,,,,,,,,,,,,,,,,,,,,,,,,,,,,,,,,,,,,,,,,,,,,,,,,,,,,,,,,,,,,,,,,,,,,,,,,,,,,,,,,,,1.0,,,,,,,,,,,,,,,,,,,,,,,,,,,,,,,,,,,
2141,375288,2,375288,Parabacteroides,bacteria,,,,,,,,,,,,,,,,,,,,,,,,,,,,,,,,,,,,,,,,,,,,,,,,,,,,,,,,,,,,,,,,,,,,,,,,,,,,,,,,,,,,,,,,,,,,,,,,,,,,,,,,,,,,,1.0,,,,,,,,,,,,,,,,,,,,,,,,,,,,,,,,,,,
2147,106591,2,106591,Ensifer,bacteria,,,,,,,,,,,,,,,,,,,,,,,,,,,,,,,,,,,,,,,,,,,,,,,,,,,,,,,,,,,,,,,,,,,,,,,,,,,,,,,,,,,,,,,,,,,,,,,,,,,,,,,,,,,,,1.0,,,,,,,,,,,,,,,,,,,,,,,,,,,,,,,,,,,
2151,1912215,2,1912215,Acidipropionibacterium,bacteria,,,,,,,,,,,,,,,,,,,,,,,,,,,,,,,,,,,,,,,,,,,,,,,,,,,,,,,,,,,,,,,,,,,,,,,,,,,,,,,,,,,,,,,,,,,,,,,,,,,,,,,,,,,,,2.0,,,,,,,,,,,,,,,,,,,,,,,,,,,,,,,,,,,
2157,2093,2,2093,Mycoplasma,bacteria,,,,,,,,,,,,,,,,,,,,,,,,,,,,,,,,,,,,,,,,,,,,,,,,,,,,,,,,,,,,,,,,,,,,,,,,,,,,,,,,,,,,,,,,,,,,,,,,,,,,,,,,,,,,,,1.0,,,,,,,,,,,,,,,,,1.0,,,,,,,,,,,,,,,,,
2181,762296,2,762296,Methylovulum,bacteria,,,,,,,,,,,,,,,,,,,,,,,,,,,,,,,,,,,,,,,,,,,,,,,,,,,,,,,,,,,,,,,,,,,,,,,,,,,,,,,,,,,,,,,,,,,,,,,,,,,,,,,,,,,,,,,,,1.0,,,,,,,,,,,,,,,,,,,,,,,,,,,,,,,
2199,1865,2,1865,Actinoplanes,bacteria,,,,,,,,,,,,,,,,,,,,,,,,,,,,,,,,,,,,,,,,,,,,,,,,,,,,,,,,,,,,,,,,,,,,,,,,,,,,,,,,,,,,,,,,,,,,,,,,,,,,,,,,,,,,,,,,,,1.0,,,,,,,,,,,,,,,,,,,,,,,,,,,,,,
2203,1707,2,1707,Cellulomonas,bacteria,,,,,,,,,,,,,,,,,,,,,,,,,,,,,,,,,,,,,,,,,,,,,,,,,,,,,,,,,,,,,,,,,,,,,,,,,,,,,,,,,,,,,,,,,,,,,,,,,,,,,,,,,,,,,,,,,,,1.0,,,,,,,,,,,,,,,,,,,,,,,,,,,,,
2208,54066,2,54066,Xylophilus,bacteria,,,,,,,,,,,,,,,,,,,,,,,,,,,,,,,,,,,,,,,,,,,,,,,,,,,,,,,,,,,,,,,,,,,,,,,,,,,,,,,,,,,,,,,,,,,,,,,,,,,,,,,,,,,,,,,,,,,,1.0,,,,,,,,,,,,,,,,,,,,,,,,,,,,
2215,2237,2,2237,Haloarcula,archaea,,,,,,,,,,,,,,,,,,,,,,,,,,,,,,,,,,,,,,,,,,,,,,,,,,,,,,,,,,,,,,,,,,,,,,,,,,,,,,,,,,,,,,,,,,,,,,,,,,,,,,,,,,,,,,,,,,,,,,,,,,,,,,,,,,,,,,,,,,,,,,,,
2217,29393,2,29393,Dolosigranulum,bacteria,,,,,,,,,,,,,,,,,,,,,,,,,,,,,,,,,,,,,,,,,,,,,,,,,,,,,,,,,,,,,,,,,,,,,,,,,,,,,,,,,,,,,,,,,,,,,,,,,,,,,,,,,,,,,,,,,,,,,2.0,,,,,,,,,,,,,,,,,,,,,,,,,,,
2224,1372,2,1372,Planococcus,bacteria,,,,,,,,,,,,,,,,,,,,,,,,,,,,,,,,,,,,,,,,,,,,,,,,,,,,,,,,,,,,,,,,,,,,,,,,,,,,,,,,,,,,,,,,,,,,,,,,,,,,,,,,,,,,,,,,,,,,,,2.0,,,,,,,,,,,,,,,,,,,,,,,,,,
2250,1911573,2,1911573,Haloprofundus,archaea,,,,,,,,,,,,,,,,,,,,,,,,,,,,,,,,,,,,,,,,,,,,,,,,,,,,,,,,,,,,,,,,,,,,,,,,,,,,,,,,,,,,,,,,,,,,,,,,,,,,,,,,,,,,,,,,,,,,,,,,,,,,,,,,,,,,,,,,,,,,,,,,
2254,1623303,2,1623303,Brussowvirus,viruses,,,,,,,,,,,,,,,,,,,,,,,,,,,,,,,,,,,,,,,,,,,,,,,,,,,,,,,,,,,,,,,,,,,,,,,,,,,,,,,,,,,,,,,,,,,,,,,,,,,,,,,,,,,,,,,,,,,,,,,,,,,2.0,,,,,,,,,,,,,,,,,,,,,
2267,286104,2,286104,Winogradskyella,bacteria,,,,,,,,,,,,,,,,,,,,,,,,,,,,,,,,,,,,,,,,,,,,,,,,,,,,,,,,,,,,,,,,,,,,,,,,,,,,,,,,,,,,,,,,,,,,,,,,,,,,,,,,,,,,,,,,,,,,,,,,,,,1.0,,,,,,,,,,,,,,,,,,,,,
2272,376170,2,376170,Haloplanus,archaea,,,,,,,,,,,,,,,,,,,,,,,,,,,,,,,,,,,,,,,,,,,,,,,,,,,,,,,,,,,,,,,,,,,,,,,,,,,,,,,,,,,,,,,,,,,,,,,,,,,,,,,,,,,,,,,,,,,,,,,,,,,,,,,,,,,,,,,,,,,,,,,,
2303,318147,2,318147,Paucibacter,bacteria,,,,,,,,,,,,,,,,,,,,,,,,,,,,,,,,,,,,,,,,,,,,,,,,,,,,,,,,,,,,,,,,,,,,,,,,,,,,,,,,,,,,,,,,,,,,,,,,,,,,,,,,,,,,,,,,,,,,,,,,,,,,,,,,,,1.0,,,,,,,,,,,,,,
2316,38501,2,38501,Blastococcus,bacteria,,,,,,,,,,,,,,,,,,,,,,,,,,,,,,,,,,,,,,,,,,,,,,,,,,,,,,,,,,,,,,,,,,,,,,,,,,,,,,,,,,,,,,,,,,,,,,,,,,,,,,,,,,,,,,,,,,,,,,,,,,,,,,,,,,,,2.0,,,,,,,,,,,,
2349,12258,2,12258,Comovirus,viruses,,,,,,,,,,,,,,,,,,,,,,,,,,,,,,,,,,,,,,,,,,,,,,,,,,,,,,,,,,,,,,,,,,,,,,,,,,,,,,,,,,,,,,,,,,,,,,,,,,,,,,,,,,,,,,,,,,,,,,,,,,,,,,,,,,,,,,,,,,,,,,,,
2361,414878,2,414878,Catenulispora,bacteria,,,,,,,,,,,,,,,,,,,,,,,,,,,,,,,,,,,,,,,,,,,,,,,,,,,,,,,,,,,,,,,,,,,,,,,,,,,,,,,,,,,,,,,,,,,,,,,,,,,,,,,,,,,,,,,,,,,,,,,,,,,,,,,,,,,,,,,,1.0,,,,,,,,
2365,466152,2,466152,Singulisphaera,bacteria,,,,,,,,,,,,,,,,,,,,,,,,,,,,,,,,,,,,,,,,,,,,,,,,,,,,,,,,,,,,,,,,,,,,,,,,,,,,,,,,,,,,,,,,,,,,,,,,,,,,,,,,,,,,,,,,,,,,,,,,,,,,,,,,,,,,,,,,2.0,,,,,,,,
2380,303379,2,303379,Herminiimonas,bacteria,,,,,,,,,,,,,,,,,,,,,,,,,,,,,,,,,,,,,,,,,,,,,,,,,,,,,,,,,,,,,,,,,,,,,,,,,,,,,,,,,,,,,,,,,,,,,,,,,,,,,,,,,,,,,,,,,,,,,,,,,,,,,,,,,,,,,,,,,,2.0,,,,,,
2382,1204360,2,1204360,Siansivirga,bacteria,,,,,,,,,,,,,,,,,,,,,,,,,,,,,,,,,,,,,,,,,,,,,,,,,,,,,,,,,,,,,,,,,,,,,,,,,,,,,,,,,,,,,,,,,,,,,,,,,,,,,,,,,,,,,,,,,,,,,,,,,,,,,,,,,,,,,,,,,,,,,,,,
2388,186532,2,186532,Ceduovirus,viruses,,,,,,,,,,,,,,,,,,,,,,,,,,,,,,,,,,,,,,,,,,,,,,,,,,,,,,,,,,,,,,,,,,,,,,,,,,,,,,,,,,,,,,,,,,,,,,,,,,,,,,,,,,,,,,,,,,,,,,,,,,,,,,,,,,,,,,,,,,,,,,,,
2411,125287,2,125287,Ornithinimicrobium,bacteria,,,,,,,,,,,,,,,,,,,,,,,,,,,,,,,,,,,,,,,,,,,,,,,,,,,,,,,,,,,,,,,,,,,,,,,,,,,,,,,,,,,,,,,,,,,,,,,,,,,,,,,,,,,,,,,,,,,,,,,,,,,,,,,,,,,,,,,,,,,,,,2.0,,
2415,541,2,541,Zymomonas,bacteria,,,,,,,,,,,,,,,,,,,,,,,,,,,,,,,,,,,,,,,,,,,,,,,,,,,,,,,,,,,,,,,,,,,,,,,,,,,,,,,,,,,,,,,,,,,,,,,,,,,,,,,,,,,,,,,,,,,,,,,,,,,,,,,,,,,,,,,,,,,,,,2.0,,
2418,-200186766,2,-200186766,non-genus-specific reads in family Narnaviridae,viruses,,,,,,,,,,,,,,,,,,,,,,,,,,,,,,,,,,,,,,,,,,,,,,,,,,,,,,,,,,,,,,,,,,,,,,,,,,,,,,,,,,,,,,,,,,,,,,,,,,,,,,,,,,,,,,,,,,,,,,,,,,,,,,,,,,,,,,,,,,,,,,1.0,,
2422,69578,2,69578,Cryobacterium,bacteria,,,,,,,,,,,,,,,,,,,,,,,,,,,,,,,,,,,,,,,,,,,,,,,,,,,,,,,,,,,,,,,,,,,,,,,,,,,,,,,,,,,,,,,,,,,,,,,,,,,,,,,,,,,,,,,,,,,,,,,,,,,,,,,,,,,,,,,,,,,,,,2.0,,
